The file format of this thermodynamic database is suitable for TOUGHREACT
Generated by pyGeochemCalc.2021, Fri Nov 25 18:09:20 2022

!end-of-header     Do not remove this record!
'temperature points'       8    0.0   25.0   60.0  100.0  120.0  150.0  250.0  300.0
'H2O'                              0.00  0.00     18.015
'Ag+'                              2.20  1.00    107.868
'Al+3'                             3.33  3.00     26.982
'Au+'                              2.31  1.00    196.967
'B(OH)3(aq)'                       0.00  0.00     61.833
'Ba+2'                             3.22  2.00    137.327
'Be+2'                             2.82  2.00      9.012
'Br-'                              1.96 -1.00     79.904
'Ca+2'                             2.87  2.00     40.078
'Cd+2'                             2.85  2.00    112.411
'Ce+3'                             3.64  3.00    140.115
'Cl-'                              1.81 -1.00     35.453
'Co+2'                             2.82  2.00     58.933
'CrO4-2'                           3.00 -2.00    115.994
'Cs+'                              2.61  1.00    132.905
'Cu+2'                             2.60  2.00     63.546
'Dy+3'                             3.64  3.00    162.500
'Er+3'                             3.64  3.00    167.260
'Eu+3'                             3.64  3.00    151.965
'F-'                               1.33 -1.00     18.998
'Fe+2'                             2.62  2.00     55.847
'Ga+3'                             3.44  3.00     69.723
'Gd+3'                             3.79  3.00    157.250
'H+'                               3.08  1.00      1.008
'H2AsO4-'                          1.81 -1.00    140.935
'HCO3-'                            2.10 -1.00     61.017
'HPO4-2'                           3.00 -2.00     95.979
'He(aq)'                           0.00  0.00      4.003
'Hg+2'                             2.98  2.00    200.590
'Ho+3'                             3.64  3.00    164.930
'I-'                               2.20 -1.00    126.904
'In+3'                             3.63  3.00    114.820
'K+'                               2.27  1.00     39.098
'Kr(aq)'                           0.00  0.00     83.800
'La+3'                             3.96  3.00    138.905
'Li+'                              1.64  1.00      6.941
'Lu+3'                             3.64  3.00    174.967
'Mg+2'                             2.54  2.00     24.305
'Mn+2'                             2.68  2.00     54.938
'MoO4-2'                           3.00 -2.00    159.938
'NH3(aq)'                          0.00  0.00     17.031
'Na+'                              1.91  1.00     22.990
'Nd+3'                             3.64  3.00    144.240
'Ne(aq)'                           0.00  0.00     20.180
'Ni+2'                             2.82  2.00     58.690
'Pb+2'                             3.08  2.00    207.200
'Pd+2'                             2.82  2.00    106.420
'Pr+3'                             3.64  3.00    140.908
'Ra+2'                             2.82  2.00    226.025
'Rb+'                              2.41  1.00     85.468
'ReO4-'                            1.81 -1.00    250.205
'Rn(aq)'                           0.00  0.00    222.000
'RuO4-2'                           3.00 -2.00    165.068
'SO4-2'                            3.15 -2.00     96.064
'Sc+3'                             3.64  3.00     44.956
'SeO3-2'                           3.00 -2.00    126.958
'SiO2(aq)'                         0.00  0.00     60.084
'Sm+3'                             3.64  3.00    150.360
'Sn+2'                             2.82  2.00    118.710
'Sr+2'                             3.00  2.00     87.620
'Tb+3'                             3.64  3.00    158.925
'TcO4-'                            1.81 -1.00    161.998
'Th+4'                             4.50  4.00    232.038
'Tl+'                              2.31  1.00    204.383
'Tm+3'                             3.64  3.00    168.934
'UO2+2'                            2.82  2.00    270.028
'VO+2'                             2.82  2.00     66.941
'WO4-2'                            3.00 -2.00    247.848
'Xe(aq)'                           0.00  0.00    131.290
'Y+3'                              3.64  3.00     88.906
'Yb+3'                             3.64  3.00    173.040
'Zn+2'                             2.62  2.00     65.390
'O2(g)'                            0.00  0.00     31.999
'null'   0.  0.  0.

#****************************** 
#* Aqueous Species 
#****************************** 

'HS-'                              33.074  1.8 -1.00  4 -2.0000  'O2(g)'  1.0000  'H+'  1.0000  'SO4-2'
'HS-'                                146.8458   132.5590   116.0411   100.8470    94.3710    85.7605    63.8469    55.5169
'HS-'                                7.56480E+01 -5.03476E+02 -7.91120E-02 7.40879E+04 -1.76721E+06
'S2-2'                             64.132  3.0 -2.00  4 -1.0000  'H2O'  0.5000  'O2(g)'  2.0000  'HS-'
'S2-2'                               -35.3920   -31.8305   -27.7174   -23.9526   -22.3562   -20.2435   -14.9441   -12.9827
'S2-2'                               -1.29582E+01 9.22712E+01 1.02660E-02 -1.72093E+04 3.90203E+05
'S2O3-2'                          112.130  3.0 -2.00  5 -2.0000  'O2(g)'  -1.0000  'H2O'  2.0000  'H+'  2.0000  'SO4-2'
'S2O3-2'                             141.9098   127.8551   111.5045    96.3662    89.8802    81.2175    58.8618    50.1433
'S2O3-2'                             1.52411E+02 -9.92982E+02 -1.58150E-01 1.01187E+05 -3.53506E+06
'Ag+2'                            107.868  2.8  2.00  5 -0.5000  'H2O'  0.2500  'O2(g)'  1.0000  'Ag+'  1.0000  'H+'
'Ag+2'                                13.1320    12.7963    12.4268    12.1015    11.9687    11.8005    11.4618    11.4031
'Ag+2'                               -2.80474E+01 1.86388E+02 2.84472E-02 -8.51718E+03 5.59685E+05
'Au+3'                            196.967  3.7  3.00  5 -1.0000  'H2O'  0.5000  'O2(g)'  1.0000  'Au+'  2.0000  'H+'
'Au+3'                                 4.4191     5.6534     7.0625     8.3361     8.8742     9.5895    11.4752    12.2673
'Au+3'                               -4.87113E+01 3.25370E+02 4.91009E-02 -1.97067E+04 8.24726E+05
'Br3-'                            239.712  1.8 -1.00  5 -1.0000  'H2O'  0.5000  'O2(g)'  2.0000  'H+'  3.0000  'Br-'
'Br3-'                                -6.5667    -5.6436    -4.8208    -4.3098    -4.1769    -4.0970    -4.6344    -5.3462
'Br3-'                               1.56454E+02 -9.87526E+02 -1.64656E-01 5.39020E+04 -3.66440E+06
'BrO-'                             95.903  1.8 -1.00  3 0.5000  'O2(g)'  1.0000  'Br-'
'BrO-'                                12.6568    12.2211    11.7281    11.2777    11.0859    10.8309    10.1862     9.9476
'BrO-'                               -8.00807E+00 5.98669E+01 6.22197E-03 -1.88341E+03 2.17190E+05
'BrO3-'                           127.902  1.8 -1.00  3 1.0000  'Br-'  1.5000  'O2(g)'
'BrO3-'                               22.4280    21.5549    20.5508    19.6328    19.2432    18.7261    17.4085    16.8988
'BrO3-'                              1.17920E+01 -6.25826E+01 -1.16361E-02 6.84696E+03 -2.26143E+05
'BrO4-'                           143.902  1.8 -1.00  3 1.0000  'Br-'  2.0000  'O2(g)'
'BrO4-'                               41.1871    39.0428    36.5482    34.2456    33.2622    31.9527    28.6018    27.3136
'BrO4-'                              2.28640E+01 -1.30899E+02 -2.20793E-02 1.56943E+04 -5.67479E+05
'CN-'                              26.018  1.8 -1.00  5 -2.0000  'H2O'  -0.5000  'O2(g)'  1.0000  'HCO3-'  1.0000  'NH3(aq)'
'CN-'                                 60.2998    54.6778    48.2012    42.2572    39.7277    36.3696    27.8774    24.7038
'CN-'                                -5.00662E+00 2.70216E+01 1.26167E-03 1.63123E+04 9.73004E+04
'ClO-'                             51.452  1.8 -1.00  3 0.5000  'O2(g)'  1.0000  'Cl-'
'ClO-'                                17.4004    16.4500    15.3653    14.3723    13.9495    13.3875    11.9612    11.4260
'ClO-'                               -7.14110E+00 5.34683E+01 4.78489E-03 -4.46565E+01 2.12680E+05
'ClO2-'                            67.451  1.8 -1.00  3 1.0000  'Cl-'  1.0000  'O2(g)'
'ClO2-'                               27.6398    26.0329    24.1775    22.4703    21.7419    20.7724    18.2993    17.3597
'ClO2-'                              2.98674E+00 -9.52073E+00 -4.52464E-03 6.12031E+03 -5.70738E+04
'ClO3-'                            83.451  1.8 -1.00  3 1.0000  'Cl-'  1.5000  'O2(g)'
'ClO3-'                               22.7275    21.7228    20.5477    19.4548    18.9847    18.3547    16.7104    16.0581
'ClO3-'                              1.44050E+01 -8.05756E+01 -1.50902E-02 8.48616E+03 -3.32372E+05
'ClO4-'                            99.450  3.6 -1.00  3 1.0000  'Cl-'  2.0000  'O2(g)'
'ClO4-'                               22.2391    21.6616    20.9551    20.2734    19.9723    19.5605    18.4267    17.9430
'ClO4-'                              2.12217E+01 -1.20209E+02 -2.16981E-02 1.00155E+04 -5.48059E+05
'Co+3'                             58.933  3.6  3.00  5 -0.5000  'H2O'  0.2500  'O2(g)'  1.0000  'Co+2'  1.0000  'H+'
'Co+3'                                12.3211    12.1780    12.0442    11.9443    11.9099    11.8753    11.8891    11.9615
'Co+3'                               -2.45331E+01 1.65944E+02 2.53652E-02 -8.21377E+03 5.33470E+05
'Cr+2'                             51.996  2.8  2.00  5 -2.0000  'H2O'  -1.0000  'O2(g)'  1.0000  'CrO4-2'  4.0000  'H+'
'Cr+2'                                18.4201    16.1306    13.2926    10.4779     9.2080     7.4421     2.3978     0.1285
'Cr+2'                               1.00841E+02 -6.47300E+02 -1.10695E-01 4.47175E+04 -2.49768E+06
'Cr+3'                             51.996  3.6  3.00  5 -2.5000  'H2O'  -0.7500  'O2(g)'  1.0000  'CrO4-2'  5.0000  'H+'
'Cr+3'                               -13.3481   -11.9506   -10.5336    -9.4457    -9.0551    -8.6143    -8.0304    -8.1540
'Cr+3'                               7.92563E+01 -4.99696E+02 -8.72852E-02 2.55283E+04 -2.08168E+06
'Cu+'                              63.546  1.9  1.00  5 -1.0000  'H+'  -0.2500  'O2(g)'  0.5000  'H2O'  1.0000  'Cu+2'
'Cu+'                                 20.4615    18.0871    15.3385    12.8137    11.7386    10.3088     6.6478     5.2357
'Cu+'                                2.68181E+01 -1.78043E+02 -2.67624E-02 1.72095E+04 -5.69921E+05
'Eu+2'                            151.965  2.8  2.00  5 -1.0000  'H+'  -0.2500  'O2(g)'  0.5000  'H2O'  1.0000  'Eu+3'
'Eu+2'                                30.3248    26.8108    22.7300    18.9661    17.3584    15.2156     9.7139     7.5968
'Eu+2'                               2.76755E+01 -1.87053E+02 -2.90527E-02 2.14823E+04 -6.41020E+05
'Fe+3'                             55.847  3.5  3.00  5 -0.5000  'H2O'  0.2500  'O2(g)'  1.0000  'Fe+2'  1.0000  'H+'
'Fe+3'                                -9.3974    -7.7962    -5.9480    -4.2538    -3.5325    -2.5723    -0.0952     0.8737
'Fe+3'                               -2.05283E+01 1.38522E+02 2.16335E-02 -1.19220E+04 3.71600E+05
'H2(aq)'                            2.016  0.0  0.00  3 -0.5000  'O2(g)'  1.0000  'H2O'
'H2(aq)'                              49.1755    44.6945    39.4800    34.6609    32.6015    29.8590    22.8717    20.2270
'H2(aq)'                             1.97285E+01 -1.32379E+02 -1.94870E-02 2.31805E+04 -6.46182E+05
'H2AsO3-'                         124.936  1.8 -1.00  3 -0.5000  'O2(g)'  1.0000  'H2AsO4-'
'H2AsO3-'                             32.1614    29.0441    25.4634    22.1897    20.8010    18.9622    14.3444    12.6351
'H2AsO3-'                            -2.82557E+00 1.35481E+01 1.89697E-03 9.01721E+03 6.98378E+04
'HSO5-'                           113.071  1.8 -1.00  4 0.5000  'O2(g)'  1.0000  'H+'  1.0000  'SO4-2'
'HSO5-'                               21.0287    18.9512    16.3522    13.7857    12.6348    11.0421     6.5323     4.5245
'HSO5-'                              1.11637E+02 -7.16660E+02 -1.14021E-01 4.94232E+04 -2.86443E+06
'HSe-'                             79.968  1.8 -1.00  4 -1.5000  'O2(g)'  1.0000  'H+'  1.0000  'SeO3-2'
'HSe-'                                80.9559    72.5826    62.8483    53.8418    49.9847    44.8352    31.5658    26.4113
'HSe-'                               7.88660E+01 -5.18901E+02 -8.29446E-02 5.59147E+04 -1.83742E+06
'Hg2+2'                           401.180  2.8  2.00  5 -2.0000  'H+'  -0.5000  'O2(g)'  1.0000  'H2O'  2.0000  'Hg+2'
'Hg2+2'                               12.7635    10.9578     8.8880     7.0181     6.2326     5.1981     2.5891     1.5787
'Hg2+2'                              4.68961E+01 -3.07840E+02 -4.27699E-02 2.23068E+04 -9.30107E+05
'I3-'                             380.713  1.8 -1.00  5 -1.0000  'H2O'  0.5000  'O2(g)'  2.0000  'H+'  3.0000  'I-'
'I3-'                                -26.2368   -23.4751   -20.5310   -18.0917   -17.1470   -15.9994   -13.8987   -13.6511
'I3-'                                1.39458E+02 -8.73476E+02 -1.52429E-01 4.08219E+04 -3.20391E+06
'IO-'                             142.904  1.8 -1.00  3 0.5000  'O2(g)'  1.0000  'I-'
'IO-'                                  1.2546     2.0625     3.0252     3.9215     4.3051     4.8163     6.1279     6.6344
'IO-'                                -2.12779E+01 1.49464E+02 1.81851E-02 -1.14258E+04 5.98497E+05
'IO3-'                            174.903  1.8 -1.00  3 1.0000  'I-'  1.5000  'O2(g)'
'IO3-'                               -16.0315   -13.3957   -10.3690    -7.6115    -6.4462    -4.9085    -1.0840     0.3117
'IO3-'                               -1.73691E+00 2.78947E+01 -4.00204E-05 -9.60008E+03 7.26229E+04
'IO4-'                            190.902  1.8 -1.00  3 1.0000  'I-'  2.0000  'O2(g)'
'IO4-'                                -2.5932    -1.0674     0.6540     2.1965     2.8399     3.6794     5.6927     6.3737
'IO4-'                               2.00009E+01 -1.11461E+02 -2.07516E-02 2.37683E+03 -4.75421E+05
'Mn+3'                             54.938  3.6  3.00  5 -0.5000  'H2O'  0.2500  'O2(g)'  1.0000  'H+'  1.0000  'Mn+2'
'Mn+3'                                 3.8630     4.6474     5.5845     6.4700     6.8560     7.3807     8.8180     9.4271
'Mn+3'                               -2.38057E+01 1.63387E+02 2.56151E-02 -1.09047E+04 5.18656E+05
'MnO4-2'                          118.936  3.0 -2.00  5 -4.0000  'H+'  1.0000  'Mn+2'  1.0000  'O2(g)'  2.0000  'H2O'
'MnO4-2'                              37.5217    35.2300    32.8241    30.8652    30.1171    29.2181    27.6145    27.4418
'MnO4-2'                             -1.02504E+02 6.59755E+02 1.12550E-01 -3.07742E+04 2.59214E+06
'N2(aq)'                           28.013  0.0  0.00  4 -3.0000  'H2O'  1.5000  'O2(g)'  2.0000  'NH3(aq)'
'N2(aq)'                            -123.2071  -111.8611   -98.9793   -87.3510   -82.4670   -76.0514   -60.2708   -54.6030
'N2(aq)'                             3.38383E+01 -2.06437E+02 -3.64514E-02 -2.21563E+04 -1.15929E+06
'NO2-'                             46.006  1.8 -1.00  5 -1.0000  'H+'  -1.0000  'H2O'  1.0000  'NH3(aq)'  1.5000  'O2(g)'
'NO2-'                               -47.3215   -42.4003   -36.6801   -31.3855   -29.1169   -26.0866   -18.2587   -15.1915
'NO2-'                               -6.03765E+01 3.94116E+02 6.23868E-02 -3.76717E+04 1.35414E+06
'NO3-'                             62.005  2.8 -1.00  5 -1.0000  'H+'  -1.0000  'H2O'  1.0000  'NH3(aq)'  2.0000  'O2(g)'
'NO3-'                               -62.7400   -56.1619   -48.5593   -41.5573   -38.5681   -34.5874   -24.3966   -20.4685
'NO3-'                               -5.07714E+01 3.35620E+02 5.42467E-02 -3.89522E+04 1.06342E+06
'O2(aq)'                           31.999  0.0  0.00  2 1.0000  'O2(g)'
'O2(aq)'                               2.8411     3.0832     3.2384     3.2703     3.2491     3.1845     2.7823     2.4966
'O2(aq)'                             3.57384E+01 -2.24802E+02 -3.69982E-02 1.43032E+04 -1.12723E+06
'Ru+2'                            101.070  2.8  2.00  5 -2.0000  'H2O'  -1.0000  'O2(g)'  1.0000  'RuO4-2'  4.0000  'H+'
'Ru+2'                                -3.8663    -4.3946    -5.1703    -6.0682    -6.5160    -7.1842    -9.3779   -10.4473
'Ru+2'                               3.18210E+00 -2.28622E+01 -2.09651E-02 2.91256E+03 -2.82873E+05
'Ru+3'                            101.070  3.6  3.00  5 -2.5000  'H2O'  -0.7500  'O2(g)'  1.0000  'RuO4-2'  5.0000  'H+'
'Ru+3'                               -23.0940   -21.1417   -19.0514   -17.3187   -16.6462   -15.8238   -14.1956   -13.7923
'Ru+3'                               -1.78593E+01 1.19642E+02 1.51322E-03 -1.21738E+04 1.20086E+05
'S2O4-2'                          128.130  3.0 -2.00  3 0.5000  'O2(g)'  1.0000  'S2O3-2'
'S2O4-2'                             -15.2273   -13.6297   -11.7879   -10.1055    -9.3932    -8.4519    -6.1033    -5.2431
'S2O4-2'                             -2.57567E+00 2.15409E+01 1.26599E-03 -6.57346E+03 1.04456E+05
'S2O6-2'                          160.128  3.0 -2.00  3 1.0000  'S2O3-2'  1.5000  'O2(g)'
'S2O6-2'                             -85.9814   -77.6988   -68.1779   -59.4758   -55.7862   -50.9035   -38.6634   -34.1463
'S2O6-2'                             3.96284E+00 -1.19924E+01 -3.63817E-03 -2.58507E+04 -4.41246E+04
'S2O8-2'                          192.127  3.0 -2.00  3 1.0000  'S2O3-2'  2.5000  'O2(g)'
'S2O8-2'                            -114.5751  -103.4912   -90.7930   -79.2170   -74.3178   -67.8436   -51.6826   -45.7625
'S2O8-2'                             2.64003E+01 -1.51971E+02 -2.45374E-02 -2.60352E+04 -6.48996E+05
'S3-2'                             96.198  3.0 -2.00  6 -1.0000  'H2O'  0.5000  'O2(g)'  1.0000  'H+'  1.0000  'HS-'  1.0000  'S2-2'
'S3-2'                               -49.0457   -44.6292   -39.6469   -35.1904   -33.3352   -30.9199   -25.1786   -23.2830
'S3-2'                               7.15970E+01 -4.49643E+02 -7.50164E-02 1.11930E+04 -1.60807E+06
'S3O6-2'                          192.194  3.0 -2.00  5 -0.5000  'H2O'  1.0000  'H+'  1.0000  'O2(g)'  1.5000  'S2O3-2'
'S3O6-2'                             -56.5763   -51.2489   -45.2031   -39.7622   -37.4860   -34.5101   -27.3454   -24.9194
'S3O6-2'                             7.18080E+01 -4.46735E+02 -7.53021E-02 7.79987E+03 -1.54262E+06
'S4-2'                            128.264  3.0 -2.00  5 -1.0000  'H2O'  0.5000  'O2(g)'  2.0000  'H+'  2.0000  'S2-2'
'S4-2'                               -62.4621   -57.2085   -51.3779   -46.2485   -44.1426   -41.4354   -35.2791   -33.4601
'S4-2'                               1.56589E+02 -9.94318E+02 -1.60710E-01 3.98073E+04 -3.61515E+06
'S4O6-2'                          224.260  3.0 -2.00  5 -1.0000  'H2O'  0.5000  'O2(g)'  2.0000  'H+'  2.0000  'S2O3-2'
'S4O6-2'                             -43.9576   -40.6270   -36.9933   -33.8762   -32.6272   -31.0593   -27.8081   -27.0988
'S4O6-2'                             1.55999E+02 -9.91295E+02 -1.63888E-01 4.46740E+04 -3.47749E+06
'S5-2'                            160.330  3.0 -2.00  6 -2.0000  'H2O'  1.0000  'HS-'  1.0000  'O2(g)'  2.0000  'S2-2'  3.0000  'H+'
'S5-2'                              -111.0303  -101.3985   -90.6294   -81.0831   -77.1389   -72.0385   -60.1963   -56.5031
'S5-2'                               2.28963E+02 -1.44890E+03 -2.36436E-01 5.13974E+04 -5.23869E+06
'S5O6-2'                          256.326  3.0 -2.00  4 -1.5000  'H2O'  2.5000  'S2O3-2'  3.0000  'H+'
'S5O6-2'                              -0.9433    -1.2774    -1.8977    -2.7210    -3.1627    -3.8569    -6.4865    -8.1133
'S5O6-2'                             2.08202E+02 -1.32093E+03 -2.19348E-01 7.45628E+04 -4.55815E+06
'SCN-'                             58.084  1.8 -1.00  6 -3.0000  'H2O'  1.0000  'H+'  1.0000  'HCO3-'  1.0000  'HS-'  1.0000  'NH3(aq)'
'SCN-'                                -2.7828    -2.8649    -3.0719    -3.3859    -3.5638    -3.8510    -4.9672    -5.6497
'SCN-'                               7.05613E+01 -4.48595E+02 -7.75597E-02 2.52900E+04 -1.59963E+06
'SO3-2'                            80.064  3.0 -2.00  3 -0.5000  'O2(g)'  1.0000  'SO4-2'
'SO3-2'                               49.4819    45.0710    40.0238    35.4259    33.4810    30.9121    24.5033    22.1528
'SO3-2'                              -7.78862E+00 4.73333E+01 7.19062E-03 1.11675E+04 2.23545E+05
'SeO4-2'                          142.958  3.0 -2.00  3 0.5000  'O2(g)'  1.0000  'SeO3-2'
'SeO4-2'                             -13.8806   -12.4394   -10.7934    -9.2948    -8.6609    -7.8234    -5.7357    -4.9725
'SeO4-2'                             6.19516E+00 -3.68518E+01 -5.43172E-03 -2.20578E+03 -1.66031E+05
'Sm+2'                            150.360  2.8  2.00  5 -1.0000  'H+'  -0.2500  'O2(g)'  0.5000  'H2O'  1.0000  'Sm+3'
'Sm+2'                                52.5972    47.3349    41.2291    35.6010    33.1989    30.0012    21.8330    18.7223
'Sm+2'                               2.84065E+01 -1.91055E+02 -2.98601E-02 2.79003E+04 -7.23181E+05
'Tl+3'                            204.383  3.8  3.00  5 -1.0000  'H2O'  0.5000  'O2(g)'  1.0000  'Tl+'  2.0000  'H+'
'Tl+3'                                 0.0392     1.5703     3.2933     4.8293     5.4708     6.3149     8.4744     9.3469
'Tl+3'                               -4.81879E+01 3.20701E+02 4.76871E-02 -1.99826E+04 7.31395E+05
'U+3'                             238.029  3.6  3.00  5 -0.7500  'O2(g)'  -0.5000  'H2O'  1.0000  'H+'  1.0000  'UO2+2'
'U+3'                                 68.8826    62.6700    55.6029    49.2006    46.5035    42.9528    34.1829    31.0209
'U+3'                                -2.94922E+01 1.84826E+02 2.85932E-02 8.37122E+03 8.24710E+05
'U+4'                             238.029  4.5  4.00  5 -1.0000  'H2O'  -0.5000  'O2(g)'  1.0000  'UO2+2'  2.0000  'H+'
'U+4'                                 34.5113    32.2650    29.6526    27.2281    26.1904    24.8118    21.3877    20.1787
'U+4'                                -3.95031E+01 2.55438E+02 3.88874E-02 -4.81942E+03 5.75148E+05
'UO2+'                            270.028  2.3  1.00  5 -3.0000  'H+'  0.2500  'O2(g)'  1.0000  'U+4'  1.5000  'H2O'
'UO2+'                               -13.0364   -12.9952   -12.8410   -12.5911   -12.4538   -12.2466   -11.6654   -11.4844
'UO2+'                               5.26491E+01 -3.40814E+02 -5.04108E-02 1.46188E+04 -5.47259E+05
'V+3'                              50.941  3.6  3.00  5 -0.5000  'H2O'  -0.2500  'O2(g)'  1.0000  'H+'  1.0000  'VO+2'
'V+3'                                 16.3782    15.0203    13.5273    12.2193    11.6828    10.9930     9.4093     8.9095
'V+3'                                -2.56596E+01 1.64591E+02 2.64011E-02 -5.73694E+03 7.11042E+05
'VO2+'                             82.940  2.3  1.00  5 -1.0000  'H+'  0.2500  'O2(g)'  0.5000  'H2O'  1.0000  'VO+2'
'VO2+'                                -3.9734    -3.7003    -3.2662    -2.7543    -2.5017    -2.1330    -1.0266    -0.5552
'VO2+'                               1.18581E+01 -7.24344E+01 -8.35982E-03 4.37934E+02 1.95228E+05
'VO4-3'                           114.939  -4.2 -3.00  5 -6.0000  'H+'  0.5000  'O2(g)'  1.0000  'V+3'  3.0000  'H2O'
'VO4-3'                                9.0608     9.3073     9.6017     9.9275    10.0952    10.3592    11.4477    12.2449
'VO4-3'                              -1.41243E+02 8.97289E+02 1.49124E-01 -4.64709E+04 2.50324E+06
'Yb+2'                            173.040  2.8  2.00  5 -1.0000  'H+'  -0.2500  'O2(g)'  0.5000  'H2O'  1.0000  'Yb+3'
'Yb+2'                                43.3562    38.8416    33.6080    28.7884    26.7325    23.9961    17.0028    14.3345
'Yb+2'                               2.68496E+01 -1.80842E+02 -2.83180E-02 2.45436E+04 -6.37506E+05
'Ag(CO3)2-3'                      227.887  -4.2 -3.00  4 -2.0000  'H+'  1.0000  'Ag+'  2.0000  'HCO3-'
'Ag(CO3)2-3'                          18.2574    18.2119    18.2213    18.2996    18.3606    18.4772    19.0876    19.5557
'Ag(CO3)2-3'                         -7.84795E+01 5.11332E+02 8.36376E-02 -2.63868E+04 1.56343E+06
'AgCO3-'                          167.877  1.8 -1.00  4 -1.0000  'H+'  1.0000  'Ag+'  1.0000  'HCO3-'
'AgCO3-'                               7.3810     7.4909     7.6507     7.8300     7.9173     8.0453     8.4466     8.6332
'AgCO3-'                             -1.26283E+00 1.63694E+01 3.45176E-03 -1.14687E+03 1.00857E+05
'AgCl(aq)'                        143.321  0.0  0.00  3 1.0000  'Ag+'  1.0000  'Cl-'
'AgCl(aq)'                            -3.5379    -3.2450    -2.9415    -2.7010    -2.6139    -2.5186    -2.4775    -2.6387
'AgCl(aq)'                           7.36549E+01 -4.65835E+02 -7.43715E-02 2.43817E+04 -1.48151E+06
'AgCl2-'                          178.774  1.8 -1.00  3 1.0000  'Ag+'  2.0000  'Cl-'
'AgCl2-'                              -5.5297    -5.1310    -4.7478    -4.4781    -4.3943    -4.3221    -4.4856    -4.8264
'AgCl2-'                             1.04977E+02 -6.64522E+02 -1.07705E-01 3.51585E+04 -2.18067E+06
'AgCl3-2'                         214.226  3.0 -2.00  3 1.0000  'Ag+'  3.0000  'Cl-'
'AgCl3-2'                             -5.7587    -4.9361    -4.2008    -3.7235    -3.5856    -3.4745    -3.7154    -4.1380
'AgCl3-2'                            9.92650E+01 -6.29119E+02 -1.03322E-01 3.53075E+04 -2.57835E+06
'AgCl4-3'                         249.679  -4.2 -3.00  3 1.0000  'Ag+'  4.0000  'Cl-'
'AgCl4-3'                             -4.6976    -3.5054    -2.4297    -1.7148    -1.4982    -1.3045    -1.4563    -1.8896
'AgCl4-3'                            1.00081E+02 -6.32274E+02 -1.04967E-01 3.65568E+04 -2.91324E+06
'AgF(aq)'                         126.867  0.0  0.00  3 1.0000  'Ag+'  1.0000  'F-'
'AgF(aq)'                             -0.3655    -0.3513    -0.3983    -0.5003    -0.5651    -0.6780    -1.2125    -1.6190
'AgF(aq)'                            8.74335E+01 -5.54893E+02 -8.75526E-02 3.08563E+04 -1.86731E+06
'AgNO3(aq)'                       169.873  0.0  0.00  3 1.0000  'Ag+'  1.0000  'NO3-'
'AgNO3(aq)'                            0.2302     0.2980     0.3007     0.2350     0.1842     0.0904    -0.3663    -0.7107
'AgNO3(aq)'                          7.29835E+01 -4.63956E+02 -7.22085E-02 2.64871E+04 -1.67868E+06
'Al(OH)2+'                         60.996  2.3  1.00  4 -2.0000  'H+'  1.0000  'Al+3'  2.0000  'H2O'
'Al(OH)2+'                            12.7804    10.9774     8.8921     6.9937     6.1910     5.1272     2.3907     1.3087
'Al(OH)2+'                           4.94403E+01 -3.23265E+02 -4.68039E-02 2.31742E+04 -9.97577E+05
'Al(OH)4-'                         58.980  1.8 -1.00  4 -4.0000  'H+'  1.0000  'Al+3'  4.0000  'H2O'
'Al(OH)4-'                            25.7887    22.9253    19.6605    16.7102    15.4687    13.8319     9.7356     8.2339
'Al(OH)4-'                           -5.05527E+00 2.69308E+01 3.14018E-03 6.15548E+03 2.85573E+05
'AlOH+2'                           43.989  2.8  2.00  4 -1.0000  'H+'  1.0000  'Al+3'  1.0000  'H2O'
'AlOH+2'                               5.8613     4.9935     3.9886     3.0730     2.6855     2.1713     0.8436     0.3169
'AlOH+2'                             2.36790E+01 -1.54976E+02 -2.26355E-02 1.10747E+04 -4.74756E+05
'AsO2-'                           106.920  1.8 -1.00  4 -1.0000  'H2O'  -0.5000  'O2(g)'  1.0000  'H2AsO4-'
'AsO2-'                               32.1731    29.0395    25.4617    22.1981    20.8142    18.9821    14.3839    12.6870
'AsO2-'                              -1.79685E+01 1.12611E+02 1.39546E-02 2.67051E+03 5.05754E+05
'AsO4-3'                          138.919  -4.2 -3.00  3 -2.0000  'H+'  1.0000  'H2AsO4-'
'AsO4-3'                              18.4861    18.0400    17.7960    17.8214    17.9167    18.1405    19.4645    20.4827
'AsO4-3'                             -1.77120E+02 1.13941E+03 1.82275E-01 -6.37999E+04 4.21633E+06
'BF4-'                             86.805  1.8 -1.00  5 -3.0000  'H2O'  1.0000  'B(OH)3(aq)'  3.0000  'H+'  4.0000  'F-'
'BF4-'                               -17.9673   -17.6018   -17.4905   -17.6997   -17.8988   -18.2928   -20.3327   -21.8361
'BF4-'                               2.38853E+02 -1.52550E+03 -2.50826E-01 8.41132E+04 -5.36215E+06
'BO2-'                             42.810  1.8 -1.00  4 -1.0000  'H+'  -1.0000  'H2O'  1.0000  'B(OH)3(aq)'
'BO2-'                                 9.1791     8.9253     8.7005     8.5563     8.5168     8.4914     8.6719     8.9438
'BO2-'                               -8.83968E+01 5.67813E+02 8.77468E-02 -3.07155E+04 1.92171E+06
'BaCO3(aq)'                       197.336  0.0  0.00  4 -1.0000  'H+'  1.0000  'Ba+2'  1.0000  'HCO3-'
'BaCO3(aq)'                            8.0787     7.5366     6.9747     6.4981     6.3019     6.0412     5.2779     4.8371
'BaCO3(aq)'                          7.66762E+01 -4.77651E+02 -7.85077E-02 2.51987E+04 -1.13665E+06
'BaCl+'                           172.780  2.3  1.00  3 1.0000  'Ba+2'  1.0000  'Cl-'
'BaCl+'                                0.7178     0.5350     0.2307    -0.1520    -0.3530    -0.6656    -1.8319    -2.5407
'BaCl+'                              8.37801E+01 -5.29587E+02 -8.97622E-02 2.97084E+04 -1.78682E+06
'BaF+'                            156.325  2.3  1.00  3 1.0000  'Ba+2'  1.0000  'F-'
'BaF+'                                -0.1928    -0.2821    -0.4819    -0.7664    -0.9241    -1.1775    -2.1813    -2.8216
'BaF+'                               8.62740E+01 -5.46357E+02 -9.09513E-02 3.06215E+04 -1.87251E+06
'BaOH+'                           154.334  2.3  1.00  4 -1.0000  'H+'  1.0000  'Ba+2'  1.0000  'H2O'
'BaOH+'                               14.9539    13.5119    11.9277    10.5434     9.9750     9.2394     7.4656     6.8172
'BaOH+'                              1.38774E+01 -8.66938E+01 -1.32926E-02 7.40609E+03 2.33295E+04
'BeO2-2'                           41.011  3.0 -2.00  4 -4.0000  'H+'  1.0000  'Be+2'  2.0000  'H2O'
'BeO2-2'                              39.8929    37.2978    34.4025    31.8672    30.8352    29.5218    26.6667    25.9468
'BeO2-2'                             -1.01954E+02 6.50002E+02 1.09563E-01 -2.61377E+04 2.06066E+06
'CO(aq)'                           28.010  0.0  0.00  5 -1.0000  'H2O'  -0.5000  'O2(g)'  1.0000  'H+'  1.0000  'HCO3-'
'CO(aq)'                              44.8731    40.4207    35.0972    30.0291    27.8121    24.8029    16.7150    13.3772
'CO(aq)'                             9.46553E+01 -6.10626E+02 -1.00940E-01 5.05375E+04 -2.45945E+06
'CO2(aq)'                          44.010  0.0  0.00  4 -1.0000  'H2O'  1.0000  'H+'  1.0000  'HCO3-'
'CO2(aq)'                             -6.4008    -6.1802    -6.1165    -6.2433    -6.3586    -6.5787    -7.6035    -8.2735
'CO2(aq)'                            7.26769E+01 -4.66775E+02 -7.85075E-02 2.74706E+04 -1.97498E+06
'CO3-2'                            60.009  2.8 -2.00  3 -1.0000  'H+'  1.0000  'HCO3-'
'CO3-2'                               10.4424    10.1487     9.9561     9.9124     9.9386    10.0243    10.6361    11.1356
'CO3-2'                              -9.24620E+01 5.95467E+02 9.47366E-02 -3.33453E+04 2.23007E+06
'CaCO3(aq)'                       100.087  0.0  0.00  4 -1.0000  'H+'  1.0000  'Ca+2'  1.0000  'HCO3-'
'CaCO3(aq)'                            7.3846     6.8673     6.3282     5.8696     5.6800     5.4266     4.6646     4.2121
'CaCO3(aq)'                          8.26778E+01 -5.16238E+02 -8.43911E-02 2.72704E+04 -1.26752E+06
'CaCl+'                            75.531  2.3  1.00  3 1.0000  'Ca+2'  1.0000  'Cl-'
'CaCl+'                                0.4036     0.3282     0.1277    -0.1746    -0.3455    -0.6222    -1.7177    -2.4049
'CaCl+'                              8.41326E+01 -5.32044E+02 -8.98179E-02 3.00866E+04 -1.87659E+06
'CaCl2(aq)'                       110.983  0.0  0.00  3 1.0000  'Ca+2'  2.0000  'Cl-'
'CaCl2(aq)'                            0.5603     0.7324     0.7215     0.5000     0.3308     0.0174    -1.4926    -2.5763
'CaCl2(aq)'                          1.71941E+02 -1.08593E+03 -1.79637E-01 6.07370E+04 -3.83403E+06
'CaF+'                             59.076  2.3  1.00  3 1.0000  'Ca+2'  1.0000  'F-'
'CaF+'                                -0.6031    -0.6449    -0.8287    -1.1303    -1.3047    -1.5896    -2.7296    -3.4460
'CaF+'                               9.21593E+01 -5.85304E+02 -9.67546E-02 3.35300E+04 -2.13684E+06
'CaHCO3+'                         101.095  2.3  1.00  3 1.0000  'Ca+2'  1.0000  'HCO3-'
'CaHCO3+'                             -1.0381    -1.0093    -1.1258    -1.3760    -1.5310    -1.7923    -2.8782    -3.5728
'CaHCO3+'                            9.17326E+01 -5.83446E+02 -9.57101E-02 3.37145E+04 -2.20099E+06
'CaOH+'                            57.085  2.3  1.00  4 -1.0000  'H+'  1.0000  'Ca+2'  1.0000  'H2O'
'CaOH+'                               14.1140    12.8601    11.4416    10.1674     9.6333     8.9310     7.1728     6.5048
'CaOH+'                              1.62055E+01 -1.02303E+02 -1.57751E-02 8.92935E+03 -2.14649E+05
'CaSO4(aq)'                       136.142  0.0  0.00  3 1.0000  'Ca+2'  1.0000  'SO4-2'
'CaSO4(aq)'                           -1.9826    -2.0594    -2.2224    -2.4565    -2.5907    -2.8163    -3.8592    -4.6605
'CaSO4(aq)'                          1.67766E+02 -1.06238E+03 -1.70959E-01 5.74987E+04 -3.32664E+06
'CdCl+'                           147.864  2.3  1.00  3 1.0000  'Cd+2'  1.0000  'Cl-'
'CdCl+'                               -2.0976    -1.9358    -1.8932    -1.9849    -2.0680    -2.2288    -3.0308    -3.6060
'CdCl+'                              9.64511E+01 -6.13992E+02 -9.84991E-02 3.51221E+04 -2.30362E+06
'CdCl2(aq)'                       183.316  0.0  0.00  3 1.0000  'Cd+2'  2.0000  'Cl-'
'CdCl2(aq)'                           -2.8454    -2.5002    -2.3612    -2.4747    -2.6052    -2.8734    -4.3035    -5.3716
'CdCl2(aq)'                          1.86815E+02 -1.18626E+03 -1.91319E-01 6.72701E+04 -4.37552E+06
'CdCl3-'                          218.769  1.8 -1.00  3 1.0000  'Cd+2'  3.0000  'Cl-'
'CdCl3-'                              -2.8672    -2.2399    -1.8793    -1.8813    -1.9927    -2.2640    -3.8695    -5.0750
'CdCl3-'                             1.93526E+02 -1.22879E+03 -1.99791E-01 7.10338E+04 -4.86767E+06
'CoCl+'                            94.386  2.3  1.00  3 1.0000  'Cl-'  1.0000  'Co+2'
'CoCl+'                               -0.5808    -0.5330    -0.5904    -0.7553    -0.8651    -1.0574    -1.9183    -2.5068
'CoCl+'                              8.70284E+01 -5.51102E+02 -9.11407E-02 3.09897E+04 -1.95996E+06
'Cr2O7-2'                         215.988  3.0 -2.00  4 -1.0000  'H2O'  2.0000  'CrO4-2'  2.0000  'H+'
'Cr2O7-2'                            -14.6021   -14.3885   -14.3997   -14.6527   -14.8429   -15.1903   -16.8119   -17.9435
'Cr2O7-2'                            1.81111E+02 -1.16334E+03 -1.85946E-01 6.57347E+04 -4.26529E+06
'CrOH+2'                           69.003  2.8  2.00  4 -1.0000  'H+'  1.0000  'Cr+3'  1.0000  'H2O'
'CrOH+2'                               4.5473     3.9272     3.1691     2.4432     2.1250     1.6919     0.5063     0.0054
'CrOH+2'                             2.51234E+01 -1.63760E+02 -2.47934E-02 1.16723E+04 -6.41261E+05
'CsBr(aq)'                        212.809  0.0  0.00  3 1.0000  'Br-'  1.0000  'Cs+'
'CsBr(aq)'                             0.1426     0.0373    -0.1047    -0.2521    -0.3220    -0.4257    -0.8209    -1.1075
'CsBr(aq)'                           7.27659E+01 -4.63019E+02 -7.08165E-02 2.57126E+04 -1.48084E+06
'CsCl(aq)'                        168.358  0.0  0.00  3 1.0000  'Cl-'  1.0000  'Cs+'
'CsCl(aq)'                             0.3344     0.1866    -0.0083    -0.2099    -0.3047    -0.4431    -0.9284    -1.2376
'CsCl(aq)'                           6.06834E+01 -3.86183E+02 -5.99921E-02 2.16085E+04 -1.24148E+06
'CsI(aq)'                         259.810  0.0  0.00  3 1.0000  'Cs+'  1.0000  'I-'
'CsI(aq)'                             -0.9361    -0.9034    -0.8864    -0.8922    -0.9035    -0.9309    -1.1352    -1.3415
'CsI(aq)'                            6.09399E+01 -3.86613E+02 -6.03772E-02 2.09641E+04 -1.22772E+06
'CuCl+'                            98.999  2.3  1.00  3 1.0000  'Cl-'  1.0000  'Cu+2'
'CuCl+'                               -0.4019    -0.3705    -0.4691    -0.6859    -0.8213    -1.0511    -2.0275    -2.6688
'CuCl+'                              9.37628E+01 -5.95611E+02 -9.67981E-02 3.41633E+04 -2.19611E+06
'CuCl2(aq)'                       134.451  0.0  0.00  3 1.0000  'Cu+2'  2.0000  'Cl-'
'CuCl2(aq)'                            0.6610     0.7677     0.6355     0.2726     0.0350    -0.3769    -2.1863    -3.4060
'CuCl2(aq)'                          1.85747E+02 -1.17748E+03 -1.91657E-01 6.72512E+04 -4.30950E+06
'CuCl2-'                          134.451  1.8 -1.00  3 1.0000  'Cu+'  2.0000  'Cl-'
'CuCl2-'                              -5.0035    -4.9458    -4.9281    -4.9666    -5.0052    -5.0863    -5.5824    -6.0193
'CuCl2-'                             1.01458E+02 -6.45202E+02 -1.03414E-01 3.45304E+04 -2.02597E+06
'CuCl3-2'                         169.904  3.0 -2.00  3 1.0000  'Cu+'  3.0000  'Cl-'
'CuCl3-2'                             -6.7005    -5.5215    -4.4619    -3.7642    -3.5561    -3.3755    -3.5764    -4.0402
'CuCl3-2'                            1.02973E+02 -6.52234E+02 -1.08411E-01 3.74461E+04 -2.95640E+06
'CuCl4-2'                         205.357  3.0 -2.00  3 1.0000  'Cu+2'  4.0000  'Cl-'
'CuCl4-2'                              4.0555     4.8126     5.2184     5.1630     5.0001     4.6322     2.6263     1.2103
'CuCl4-2'                            1.94076E+02 -1.22744E+03 -2.02167E-01 7.33181E+04 -5.25810E+06
'CuF+'                             82.544  2.3  1.00  3 1.0000  'Cu+2'  1.0000  'F-'
'CuF+'                                -1.5362    -1.4895    -1.5731    -1.7736    -1.9007    -2.1178    -3.0557    -3.6838
'CuF+'                               1.01543E+02 -6.47047E+02 -1.03105E-01 3.71396E+04 -2.38420E+06
'CuO2-2'                           95.545  3.0 -2.00  4 -4.0000  'H+'  1.0000  'Cu+2'  2.0000  'H2O'
'CuO2-2'                              44.4049    41.2218    37.7576    34.7975    33.6146    32.1308    29.0186    28.2789
'CuO2-2'                             -1.10293E+02 7.04176E+02 1.19347E-01 -2.96665E+04 2.61052E+06
'CuOH+'                            80.553  2.3  1.00  4 -1.0000  'H+'  1.0000  'Cu+2'  1.0000  'H2O'
'CuOH+'                                8.5900     7.8687     7.0384     6.2897     5.9762     5.5642     4.5273     4.1248
'CuOH+'                              2.42985E+01 -1.55614E+02 -2.16214E-02 1.10943E+04 -5.08924E+05
'EuCO3+'                          211.974  2.3  1.00  4 -1.0000  'H+'  1.0000  'Eu+3'  1.0000  'HCO3-'
'EuCO3+'                               2.2893     2.3636     2.5044     2.6787     2.7630     2.8790     3.0926     3.0216
'EuCO3+'                             9.34525E+01 -5.85804E+02 -9.10939E-02 2.99594E+04 -1.56516E+06
'EuCl+2'                          187.418  2.8  2.00  3 1.0000  'Cl-'  1.0000  'Eu+3'
'EuCl+2'                              -0.1202    -0.2840    -0.6105    -1.0415    -1.2701    -1.6259    -2.9358    -3.7086
'EuCl+2'                             9.19952E+01 -5.85850E+02 -9.60001E-02 3.40741E+04 -2.15539E+06
'EuCl2+'                          222.870  2.3  1.00  3 1.0000  'Eu+3'  2.0000  'Cl-'
'EuCl2+'                               0.3257     0.1065    -0.3368    -0.9308    -1.2505    -1.7554    -3.7071    -4.9373
'EuCl2+'                             1.76222E+02 -1.11822E+03 -1.82386E-01 6.32745E+04 -3.87141E+06
'EuF+2'                           170.963  2.8  2.00  3 1.0000  'Eu+3'  1.0000  'F-'
'EuF+2'                               -4.0978    -4.4153    -4.9198    -5.5109    -5.8067    -6.2513    -7.7973    -8.6712
'EuF+2'                              1.01583E+02 -6.52513E+02 -1.05147E-01 3.78634E+04 -2.34018E+06
'EuF2+'                           189.962  2.3  1.00  3 1.0000  'Eu+3'  2.0000  'F-'
'EuF2+'                               -7.5127    -7.6565    -8.0199    -8.5387    -8.8252    -9.2857   -11.1389   -12.3499
'EuF2+'                              1.93373E+02 -1.23510E+03 -1.97800E-01 6.93009E+04 -4.24660E+06
'EuNO3+2'                         213.970  2.8  2.00  3 1.0000  'Eu+3'  1.0000  'NO3-'
'EuNO3+2'                             -1.4195    -0.8516    -0.3511    -0.0325     0.0569     0.1244    -0.0869    -0.4211
'EuNO3+2'                            8.55329E+01 -5.40498E+02 -8.71208E-02 3.05718E+04 -2.15551E+06
'EuOH+2'                          168.972  2.8  2.00  4 -1.0000  'H+'  1.0000  'Eu+3'  1.0000  'H2O'
'EuOH+2'                               9.3508     8.0582     6.5857     5.2640     4.7112     3.9856     2.1705     1.4801
'EuOH+2'                             2.64871E+01 -1.74431E+02 -2.41104E-02 1.31596E+04 -4.77686E+05
'EuSO4+'                          248.029  2.3  1.00  3 1.0000  'Eu+3'  1.0000  'SO4-2'
'EuSO4+'                              -3.2708    -3.5810    -4.0109    -4.4781    -4.7069    -5.0535    -6.3802    -7.2800
'EuSO4+'                             1.77139E+02 -1.12727E+03 -1.78203E-01 6.18208E+04 -3.53682E+06
'FeCl+'                            91.300  2.3  1.00  3 1.0000  'Cl-'  1.0000  'Fe+2'
'FeCl+'                                0.1870     0.1924     0.0709    -0.1629    -0.3045    -0.5416    -1.5283    -2.1692
'FeCl+'                              9.07029E+01 -5.75366E+02 -9.41317E-02 3.29493E+04 -2.10465E+06
'FeCl+2'                           91.300  2.8  2.00  3 1.0000  'Cl-'  1.0000  'Fe+3'
'FeCl+2'                              -1.4827    -1.4988    -1.6274    -1.8536    -1.9881    -2.2121    -3.1492    -3.7652
'FeCl+2'                             8.85806E+01 -5.62584E+02 -9.24858E-02 3.16773E+04 -1.98063E+06
'FeCl2(aq)'                       126.752  0.0  0.00  3 1.0000  'Fe+2'  2.0000  'Cl-'
'FeCl2(aq)'                            9.7372     8.2536     6.3395     4.3864     3.4862     2.2090    -1.7009    -3.6658
'FeCl2(aq)'                          1.79800E+02 -1.14776E+03 -1.85616E-01 6.92339E+04 -4.02550E+06
'FeF+'                             74.845  2.3  1.00  3 1.0000  'F-'  1.0000  'Fe+2'
'FeF+'                                -1.4244    -1.3942    -1.4806    -1.6715    -1.7910    -1.9946    -2.8767    -3.4740
'FeF+'                               9.80692E+01 -6.24200E+02 -9.98965E-02 3.55249E+04 -2.25062E+06
'FeF+2'                            74.845  2.8  2.00  3 1.0000  'F-'  1.0000  'Fe+3'
'FeF+2'                               -5.7397    -6.0169    -6.4467    -6.9460    -7.1959    -7.5732    -8.9142    -9.6959
'FeF+2'                              9.77847E+01 -6.28026E+02 -1.01635E-01 3.55772E+04 -2.14692E+06
'FeOH+'                            72.854  2.3  1.00  4 -1.0000  'H+'  1.0000  'Fe+2'  1.0000  'H2O'
'FeOH+'                               10.0405     9.2328     8.2934     7.4335     7.0690     6.5856     5.3477     4.8618
'FeOH+'                              2.23011E+01 -1.42384E+02 -2.04553E-02 1.07956E+04 -4.93926E+05
'FeOH+2'                           72.854  2.8  2.00  4 -1.0000  'H+'  1.0000  'Fe+3'  1.0000  'H2O'
'FeOH+2'                               2.8435     2.1611     1.3936     0.7152     0.4343     0.0674    -0.8549    -1.2166
'FeOH+2'                             2.13132E+01 -1.39765E+02 -2.01439E-02 9.03094E+03 -3.37127E+05
'H2P2O7-2'                        175.959  3.0 -2.00  4 -1.0000  'H2O'  2.0000  'H+'  2.0000  'HPO4-2'
'H2P2O7-2'                           -11.5356   -11.7379   -12.3144   -13.1623   -13.6292   -14.3680   -17.1238   -18.7374
'H2P2O7-2'                           1.82904E+02 -1.17863E+03 -1.90252E-01 6.94863E+04 -4.58292E+06
'H2PO4-'                           96.987  1.8 -1.00  3 1.0000  'H+'  1.0000  'HPO4-2'
'H2PO4-'                              -7.1626    -7.0492    -7.0385    -7.1395    -7.2203    -7.3716    -8.1041    -8.6268
'H2PO4-'                             8.77580E+01 -5.63600E+02 -8.98305E-02 3.17135E+04 -2.04825E+06
'H2S(aq)'                          34.082  0.0  0.00  3 1.0000  'H+'  1.0000  'HS-'
'H2S(aq)'                             -7.3166    -6.9001    -6.5658    -6.4027    -6.3820    -6.4087    -6.8772    -7.3173
'H2S(aq)'                            7.72743E+01 -4.93392E+02 -8.16025E-02 2.74451E+04 -1.91175E+06
'H2SeO3(aq)'                      128.974  0.0  0.00  3 1.0000  'SeO3-2'  2.0000  'H+'
'H2SeO3(aq)'                          -9.6721    -9.6141    -9.7707   -10.1212   -10.3406   -10.7129   -12.3045   -13.3819
'H2SeO3(aq)'                         1.81834E+02 -1.16593E+03 -1.83598E-01 6.63636E+04 -4.22638E+06
'H2VO4-'                          116.955  1.8 -1.00  5 -3.0000  'H+'  0.2500  'O2(g)'  1.0000  'VO+2'  2.5000  'H2O'
'H2VO4-'                               3.7505     3.2957     2.8542     2.5566     2.4681     2.3915     2.4636     2.6469
'H2VO4-'                             -1.41084E+01 8.46909E+01 2.21955E-02 -3.69916E+03 4.24471E+05
'H3AsO4(aq)'                      141.943  0.0  0.00  3 1.0000  'H+'  1.0000  'H2AsO4-'
'H3AsO4(aq)'                          -2.0997    -2.1888    -2.3511    -2.5570    -2.6650    -2.8334    -3.4842    -3.9211
'H3AsO4(aq)'                         8.41143E+01 -5.37438E+02 -8.35906E-02 3.02304E+04 -1.81948E+06
'H3P2O7-'                         176.967  1.8 -1.00  4 -1.0000  'H2O'  2.0000  'HPO4-2'  3.0000  'H+'
'H3P2O7-'                            -13.8444   -14.0538   -14.6808   -15.6183   -16.1403   -16.9743   -20.1856   -22.1598
'H3P2O7-'                            2.64731E+02 -1.69924E+03 -2.72345E-01 9.79528E+04 -6.26472E+06
'H3PO4(aq)'                        97.995  0.0  0.00  3 1.0000  'HPO4-2'  2.0000  'H+'
'H3PO4(aq)'                           -9.1284    -9.1173    -9.2948    -9.6344    -9.8398   -10.1841   -11.6429   -12.6325
'H3PO4(aq)'                          1.69532E+02 -1.08653E+03 -1.71391E-01 6.14185E+04 -3.85808E+06
'H4P2O7(aq)'                      177.975  0.0  0.00  4 -1.0000  'H2O'  2.0000  'HPO4-2'  4.0000  'H+'
'H4P2O7(aq)'                         -15.2534   -15.5620   -16.3497   -17.4805   -18.1018   -19.0891   -22.8934   -25.2793
'H4P2O7(aq)'                         3.51752E+02 -2.25431E+03 -3.58301E-01 1.28975E+05 -8.10198E+06
'Al(OH)3(aq)'                      59.988  0.0  0.00  4 -3.0000  'H+'  1.0000  'Al+3'  3.0000  'H2O'
'Al(OH)3(aq)'                         19.5601    17.1209    14.3086    11.7611    10.6891     9.2745     5.6791     4.2754
'Al(OH)3(aq)'                        6.99744E+01 -4.56190E+02 -6.40913E-02 3.27508E+04 -1.43254E+06
'HAsO2(aq)'                       107.928  0.0  0.00  5 -1.0000  'H2O'  -0.5000  'O2(g)'  1.0000  'H+'  1.0000  'H2AsO4-'
'HAsO2(aq)'                           22.6103    19.9399    16.8215    13.9094    12.6506    10.9550     6.4510     4.5899
'HAsO2(aq)'                          6.22784E+01 -4.01301E+02 -6.64064E-02 2.99663E+04 -1.27132E+06
'HAsO4-2'                         139.927  3.0 -2.00  3 -1.0000  'H+'  1.0000  'H2AsO4-'
'HAsO4-2'                              6.7173     6.6246     6.6266     6.7297     6.8086     6.9542     7.6550     8.1593
'HAsO4-2'                            -8.77815E+01 5.63241E+02 8.96014E-02 -3.15512E+04 2.01207E+06
'HBrO(aq)'                         96.911  0.0  0.00  3 1.0000  'BrO-'  1.0000  'H+'
'HBrO(aq)'                            -8.7431    -8.4086    -8.1125    -7.9233    -7.8712    -7.8354    -8.0222    -8.3072
'HBrO(aq)'                           8.56465E+01 -5.49507E+02 -8.57191E-02 2.99668E+04 -1.94062E+06
'HCN(aq)'                          27.026  0.0  0.00  3 1.0000  'CN-'  1.0000  'H+'
'HCN(aq)'                             -9.8563    -9.1036    -8.3756    -7.8347    -7.6465    -7.4430    -7.2732    -7.4448
'HCN(aq)'                            8.11134E+01 -5.18727E+02 -8.20034E-02 2.82594E+04 -2.03218E+06
'HCl(aq)'                          36.461  0.0  0.00  3 1.0000  'Cl-'  1.0000  'H+'
'HCl(aq)'                              0.3938     0.5968     0.7043     0.6713     0.6105     0.4755    -0.3018    -0.9172
'HCl(aq)'                            1.10434E+02 -6.96901E+02 -1.14460E-01 3.88121E+04 -2.46732E+06
'HClO(aq)'                         52.460  0.0  0.00  3 1.0000  'ClO-'  1.0000  'H+'
'HClO(aq)'                            -7.6281    -7.3836    -7.1905    -7.0952    -7.0828    -7.0994    -7.4168    -7.7497
'HClO(aq)'                           8.55932E+01 -5.49126E+02 -8.56550E-02 3.02379E+04 -1.93892E+06
'HClO2(aq)'                        68.459  0.0  0.00  3 1.0000  'ClO2-'  1.0000  'H+'
'HClO2(aq)'                           -1.6546    -1.8472    -2.1774    -2.5795    -2.7839    -3.0935    -4.1824    -4.8226
'HClO2(aq)'                          9.20396E+01 -5.90181E+02 -9.20672E-02 3.44539E+04 -2.14921E+06
'HCoO2-'                           91.940  1.8 -1.00  4 -3.0000  'H+'  1.0000  'Co+2'  2.0000  'H2O'
'HCoO2-'                              33.5333    31.3087    28.7425    26.4093    25.4284    24.1422    21.0337    19.9899
'HCoO2-'                             -2.82164E+01 1.80940E+02 3.24167E-02 -8.61397E+02 3.87138E+05
'HCrO4-'                          117.002  1.8 -1.00  3 1.0000  'CrO4-2'  1.0000  'H+'
'HCrO4-'                              -6.3718    -6.3722    -6.5211    -6.7940    -6.9559    -7.2229    -8.3013    -8.9866
'HCrO4-'                             9.88315E+01 -6.35571E+02 -1.00852E-01 3.66392E+04 -2.37533E+06
'HF(aq)'                           20.006  0.0  0.00  3 1.0000  'F-'  1.0000  'H+'
'HF(aq)'                              -2.8963    -3.0816    -3.3884    -3.7605    -3.9505    -4.2400    -5.2742    -5.8806
'HF(aq)'                             7.62354E+01 -4.88538E+02 -7.88171E-02 2.80274E+04 -1.72506E+06
'HF2-'                             39.005  1.8 -1.00  3 1.0000  'H+'  2.0000  'F-'
'HF2-'                                -2.0800    -2.4012    -2.8171    -3.2429    -3.4416    -3.7292    -4.6929    -5.2545
'HF2-'                               8.43609E+01 -5.39448E+02 -8.54934E-02 3.01595E+04 -1.71314E+06
'HIO3(aq)'                        175.911  0.0  0.00  3 1.0000  'H+'  1.0000  'IO3-'
'HIO3(aq)'                            -0.6086    -0.7344    -0.9590    -1.2397    -1.3848    -1.6075    -2.4225    -2.9280
'HIO3(aq)'                           8.18765E+01 -5.22857E+02 -8.18141E-02 3.00537E+04 -1.84734E+06
'HNO2(aq)'                         47.013  0.0  0.00  3 1.0000  'H+'  1.0000  'NO2-'
'HNO2(aq)'                            -3.4529    -3.1896    -2.9543    -2.8035    -2.7620    -2.7338    -2.8890    -3.1279
'HNO2(aq)'                           7.26901E+01 -4.62298E+02 -7.27802E-02 2.53044E+04 -1.61968E+06
'HNO3(aq)'                         63.013  0.0  0.00  3 1.0000  'H+'  1.0000  'NO3-'
'HNO3(aq)'                             1.6264     1.3706     1.0102     0.6135     0.4214     0.1387    -0.8122    -1.3602
'HNO3(aq)'                           7.67784E+01 -4.88785E+02 -7.73994E-02 2.82506E+04 -1.68629E+06
'HO2-'                             33.007  1.8 -1.00  4 -1.0000  'H+'  0.5000  'O2(g)'  1.0000  'H2O'
'HO2-'                                31.7136    29.6598    27.4275    25.5138    24.7456    23.7780    21.7209    21.2111
'HO2-'                               -7.53740E+01 4.85839E+02 7.91461E-02 -2.10963E+04 1.81611E+06
'HP2O7-3'                         174.951  -4.2 -3.00  4 -1.0000  'H2O'  1.0000  'H+'  2.0000  'HPO4-2'
'HP2O7-3'                             -4.9172    -5.2064    -5.7789    -6.5240    -6.9128    -7.5074    -9.5680   -10.6798
'HP2O7-3'                            9.63049E+01 -6.23372E+02 -1.01507E-01 3.85115E+04 -2.61744E+06
'HS2O3-'                          113.138  1.8 -1.00  5 -2.0000  'O2(g)'  -1.0000  'H2O'  2.0000  'SO4-2'  3.0000  'H+'
'HS2O3-'                             140.3351   126.1798   109.5939    94.1196    87.4491    78.4940    55.0333    45.6483
'HS2O3-'                             2.31017E+02 -1.49411E+03 -2.40938E-01 1.30103E+05 -5.37604E+06
'HSO3-'                            81.072  1.8 -1.00  3 1.0000  'H+'  1.0000  'SO3-2'
'HSO3-'                               -6.8972    -6.9868    -7.2454    -7.6241    -7.8325    -8.1631    -9.4142   -10.1664
'HSO3-'                              9.73492E+01 -6.27729E+02 -9.98037E-02 3.64943E+04 -2.36100E+06
'HSO4-'                            97.072  2.4 -1.00  3 1.0000  'H+'  1.0000  'SO4-2'
'HSO4-'                               -1.5691    -1.8534    -2.3256    -2.8927    -3.1786    -3.6085    -5.0815    -5.8974
'HSO4-'                              9.01724E+01 -5.79078E+02 -9.25620E-02 3.45162E+04 -2.19659E+06
'HSeO3-'                          127.966  1.8 -1.00  3 1.0000  'H+'  1.0000  'SeO3-2'
'HSeO3-'                              -7.2779    -7.1328    -7.1236    -7.2600    -7.3663    -7.5619    -8.4702    -9.0899
'HSeO3-'                             9.38337E+01 -6.03240E+02 -9.62977E-02 3.46248E+04 -2.30582E+06
'HSeO4-'                          143.966  1.8 -1.00  3 1.0000  'H+'  1.0000  'SeO4-2'
'HSeO4-'                              -1.5801    -1.7983    -2.2041    -2.7180    -2.9838    -3.3897    -4.8178    -5.6251
'HSeO4-'                             9.23497E+01 -5.92493E+02 -9.47428E-02 3.52857E+04 -2.27365E+06
'HSiO3-'                           77.092  1.8 -1.00  4 -1.0000  'H+'  1.0000  'H2O'  1.0000  'SiO2(aq)'
'HSiO3-'                              10.2725     9.6602     9.1097     8.7563     8.6569     8.5809     8.7814     9.0904
'HSiO3-'                             -5.35691E+01 3.43460E+02 5.93986E-02 -1.87088E+04 1.46268E+06
'HVO4-2'                          115.947  3.0 -2.00  5 -4.0000  'H+'  0.2500  'O2(g)'  1.0000  'VO+2'  2.5000  'H2O'
'HVO4-2'                              11.8754    11.2374    10.4671     9.7687     9.4830     9.1231     8.4389     8.4153
'HVO4-2'                             -8.09368E+01 5.08184E+02 8.69744E-02 -2.25430E+04 1.23291E+06
'KBr(aq)'                         119.002  0.0  0.00  3 1.0000  'Br-'  1.0000  'K+'
'KBr(aq)'                              2.0217     1.8062     1.5150     1.2040     1.0549     0.8356     0.0788    -0.3787
'KBr(aq)'                            7.30526E+01 -4.63178E+02 -7.36566E-02 2.61733E+04 -1.51676E+06
'KCl(aq)'                          74.551  0.0  0.00  3 1.0000  'Cl-'  1.0000  'K+'
'KCl(aq)'                              2.9100     2.6013     2.2057     1.7989     1.6086     1.3334     0.4242    -0.1001
'KCl(aq)'                            7.48125E+01 -4.73756E+02 -7.61325E-02 2.68118E+04 -1.52183E+06
'KHSO4(aq)'                       136.170  0.0  0.00  4 1.0000  'H+'  1.0000  'K+'  1.0000  'SO4-2'
'KHSO4(aq)'                            2.2497     1.6742     0.7565    -0.3160    -0.8484    -1.6407    -4.3016    -5.7581
'KHSO4(aq)'                          1.67287E+02 -1.07119E+03 -1.69310E-01 6.44447E+04 -4.08336E+06
'KI(aq)'                          166.003  0.0  0.00  3 1.0000  'I-'  1.0000  'K+'
'KI(aq)'                               1.8011     1.6748     1.4872     1.2674     1.1553     0.9831     0.3356    -0.0832
'KI(aq)'                             6.71656E+01 -4.24045E+02 -6.90450E-02 2.35804E+04 -1.37458E+06
'KOH(aq)'                          56.106  0.0  0.00  4 -1.0000  'H+'  1.0000  'H2O'  1.0000  'K+'
'KOH(aq)'                             15.4067    14.3559    13.2405    12.3114    11.9465    11.4932    10.5300    10.2460
'KOH(aq)'                            3.90972E+00 -2.07456E+01 1.19131E-04 3.14297E+03 1.99947E+05
'KSO4-'                           135.162  1.8 -1.00  3 1.0000  'K+'  1.0000  'SO4-2'
'KSO4-'                               -0.8345    -0.8561    -0.9762    -1.1755    -1.2912    -1.4818    -2.2798    -2.8231
'KSO4-'                              9.64657E+01 -6.13788E+02 -9.72824E-02 3.47309E+04 -2.14869E+06
'LiCl(aq)'                         42.394  0.0  0.00  3 1.0000  'Cl-'  1.0000  'Li+'
'LiCl(aq)'                             1.6143     1.5781     1.4525     1.2587     1.1484     0.9683     0.2235    -0.2817
'LiCl(aq)'                           8.92597E+01 -5.65365E+02 -9.01907E-02 3.20148E+04 -1.96534E+06
'LiOH(aq)'                         23.948  0.0  0.00  4 -1.0000  'H+'  1.0000  'H2O'  1.0000  'Li+'
'LiOH(aq)'                            14.4656    13.5625    12.5771    11.7358    11.3987    10.9722    10.0076     9.6838
'LiOH(aq)'                           1.80001E+01 -1.11103E+02 -1.35546E-02 8.55071E+03 -2.24867E+05
'MgCO3(aq)'                        84.314  0.0  0.00  4 -1.0000  'H+'  1.0000  'HCO3-'  1.0000  'Mg+2'
'MgCO3(aq)'                            7.6221     7.2214     6.8123     6.4810     6.3495     6.1773     5.6418     5.2811
'MgCO3(aq)'                          9.45000E+01 -5.91877E+02 -9.32426E-02 3.16259E+04 -1.56399E+06
'MgCl+'                            59.758  2.3  1.00  3 1.0000  'Cl-'  1.0000  'Mg+2'
'MgCl+'                                0.1313     0.1644     0.0720    -0.1332    -0.2613    -0.4784    -1.3997    -2.0087
'MgCl+'                              9.40401E+01 -5.97571E+02 -9.59984E-02 3.44234E+04 -2.21350E+06
'MgF+'                             43.303  2.3  1.00  3 1.0000  'F-'  1.0000  'Mg+2'
'MgF+'                                -1.3453    -1.3189    -1.4442    -1.6971    -1.8504    -2.1057    -3.1583    -3.8372
'MgF+'                               1.05086E+02 -6.70909E+02 -1.06049E-01 3.90722E+04 -2.54028E+06
'MgHCO3+'                          85.322  2.3  1.00  3 1.0000  'HCO3-'  1.0000  'Mg+2'
'MgHCO3+'                             -1.0302    -1.0009    -1.1275    -1.3832    -1.5374    -1.7933    -2.8339    -3.4924
'MgHCO3+'                            9.89643E+01 -6.32502E+02 -9.95195E-02 3.72450E+04 -2.45396E+06
'MgSO4(aq)'                       120.369  0.0  0.00  3 1.0000  'Mg+2'  1.0000  'SO4-2'
'MgSO4(aq)'                           -2.1009    -2.1772    -2.3458    -2.5784    -2.7086    -2.9253    -3.9297    -4.7137
'MgSO4(aq)'                          1.81475E+02 -1.15175E+03 -1.81717E-01 6.29207E+04 -3.66666E+06
'MnCl+'                            90.391  2.3  1.00  3 1.0000  'Cl-'  1.0000  'Mn+2'
'MnCl+'                                0.4255     0.1742    -0.2430    -0.7488    -1.0069    -1.4000    -2.7997    -3.6094
'MnCl+'                              9.51682E+01 -6.05768E+02 -9.92828E-02 3.51011E+04 -2.17033E+06
'MnF+'                             73.936  2.3  1.00  3 1.0000  'F-'  1.0000  'Mn+2'
'MnF+'                                -0.8580    -0.8438    -0.9594    -1.1868    -1.3249    -1.5568    -2.5327    -3.1754
'MnF+'                               9.90243E+01 -6.29955E+02 -1.01321E-01 3.60688E+04 -2.29827E+06
'MnO4-'                           118.936  1.8 -1.00  5 -3.0000  'H+'  1.0000  'Mn+2'  1.2500  'O2(g)'  1.5000  'H2O'
'MnO4-'                               25.7517    24.0213    22.0954    20.4185    19.7370    18.8661    16.8784    16.2553
'MnO4-'                              -4.90807E+00 3.38492E+01 1.13314E-02 3.69086E+03 2.11236E+05
'MnOH+'                            71.945  2.3  1.00  4 -1.0000  'H+'  1.0000  'H2O'  1.0000  'Mn+2'
'MnOH+'                               11.4958    10.5347     9.4429     8.4645     8.0559     7.5200     6.1822     5.6717
'MnOH+'                              2.14182E+01 -1.36053E+02 -1.95008E-02 1.03370E+04 -3.82309E+05
'MnSO4(aq)'                       151.002  0.0  0.00  3 1.0000  'Mn+2'  1.0000  'SO4-2'
'MnSO4(aq)'                           -1.7411    -1.8788    -2.1186    -2.4210    -2.5829    -2.8436    -3.9700    -4.8040
'MnSO4(aq)'                          1.77912E+02 -1.12881E+03 -1.79200E-01 6.17135E+04 -3.58194E+06
'NH4+'                             18.038  2.3  1.00  3 1.0000  'H+'  1.0000  'NH3(aq)'
'NH4+'                               -10.1108    -9.2794    -8.3197    -7.4335    -7.0538    -6.5462    -5.2321    -4.7170
'NH4+'                               -5.30772E+00 3.22316E+01 6.83187E-03 -4.24465E+03 8.26162E+04
'NaBr(aq)'                        102.894  0.0  0.00  3 1.0000  'Br-'  1.0000  'Na+'
'NaBr(aq)'                             1.5198     1.4050     1.2164     0.9907     0.8757     0.6993     0.0304    -0.4121
'NaBr(aq)'                           8.48911E+01 -5.38836E+02 -8.43389E-02 3.04560E+04 -1.81663E+06
'NaCl(aq)'                         58.442  0.0  0.00  3 1.0000  'Cl-'  1.0000  'Na+'
'NaCl(aq)'                             0.8840     0.8199     0.6901     0.5162     0.4221     0.2718    -0.3418    -0.7686
'NaCl(aq)'                           8.28205E+01 -5.25012E+02 -8.31361E-02 2.93622E+04 -1.75457E+06
'NaF(aq)'                          41.988  0.0  0.00  3 1.0000  'F-'  1.0000  'Na+'
'NaF(aq)'                              1.1470     1.0473     0.8777     0.6729     0.5677     0.4044    -0.2406    -0.6841
'NaF(aq)'                            9.12101E+01 -5.78837E+02 -9.05466E-02 3.24487E+04 -1.92266E+06
'NaHSiO3(aq)'                     100.081  0.0  0.00  5 -1.0000  'H+'  1.0000  'H2O'  1.0000  'Na+'  1.0000  'SiO2(aq)'
'NaHSiO3(aq)'                          8.1235     7.8804     7.6818     7.5888     7.5788     7.5952     7.7911     7.8974
'NaHSiO3(aq)'                        3.86378E+01 -2.41334E+02 -3.08908E-02 1.33585E+04 -5.79700E+05
'NaI(aq)'                         149.894  0.0  0.00  3 1.0000  'I-'  1.0000  'Na+'
'NaI(aq)'                              1.6767     1.5840     1.4221     1.2179     1.1105     0.9428     0.2929    -0.1363
'NaI(aq)'                            7.45599E+01 -4.71908E+02 -7.54575E-02 2.65411E+04 -1.58583E+06
'NaOH(aq)'                         39.997  0.0  0.00  4 -1.0000  'H+'  1.0000  'H2O'  1.0000  'Na+'
'NaOH(aq)'                            15.0429    14.1164    13.1266    12.3011    11.9772    11.5754    10.7221    10.4662
'NaOH(aq)'                           1.23418E+01 -7.45973E+01 -7.24593E-03 6.29494E+03 -4.95173E+04
'NaSO4-'                          119.053  1.8 -1.00  3 1.0000  'Na+'  1.0000  'SO4-2'
'NaSO4-'                              -0.5324    -0.5943    -0.7551    -0.9800    -1.1019    -1.2953    -2.0641    -2.5780
'NaSO4-'                             9.94765E+01 -6.34458E+02 -9.82404E-02 3.62147E+04 -2.22997E+06
'NiCl+'                            94.143  2.3  1.00  3 1.0000  'Cl-'  1.0000  'Ni+2'
'NiCl+'                                1.0733     1.0226     0.8569     0.6007     0.4552     0.2189    -0.7300    -1.3403
'NiCl+'                              8.87342E+01 -5.62136E+02 -9.17082E-02 3.20290E+04 -1.99954E+06
'OH-'                              17.007  1.4 -1.00  3 -1.0000  'H+'  1.0000  'H2O'
'OH-'                                 14.7690    13.8535    12.9027    12.1361    11.8470    11.5060    10.9819    11.0244
'OH-'                                -7.59388E+01 4.85111E+02 7.92938E-02 -2.43641E+04 1.73207E+06
'P2O7-4'                          173.943  -5.6 -4.00  3 -1.0000  'H2O'  2.0000  'HPO4-2'
'P2O7-4'                               4.4785     4.0120     3.4874     3.0172     2.8207     2.5640     1.9440     1.7263
'P2O7-4'                             -2.38451E+00 1.42312E+01 2.64800E-03 5.06931E+02 7.80020E+04
'PO4-3'                            94.971  -4.2 -3.00  3 -1.0000  'H+'  1.0000  'HPO4-2'
'PO4-3'                               12.3921    12.1054    11.9321    11.9167    11.9586    12.0692    12.7708    13.3117
'PO4-3'                              -8.88794E+01 5.74342E+02 9.23449E-02 -3.21469E+04 2.17353E+06
'PbCl+'                           242.653  2.3  1.00  3 1.0000  'Cl-'  1.0000  'Pb+2'
'PbCl+'                               -1.3697    -1.4002    -1.5374    -1.7637    -1.8959    -2.1144    -3.0289    -3.6409
'PbCl+'                              9.60373E+01 -6.10040E+02 -9.91274E-02 3.42106E+04 -2.10925E+06
'PbCl2(aq)'                       278.105  0.0  0.00  3 1.0000  'Pb+2'  2.0000  'Cl-'
'PbCl2(aq)'                           -1.8458    -1.9109    -2.1459    -2.5195    -2.7354    -3.0912    -4.5839    -5.6016
'PbCl2(aq)'                          1.72060E+02 -1.09281E+03 -1.75980E-01 6.11339E+04 -3.73322E+06
'PbCl3-'                          313.558  1.8 -1.00  3 1.0000  'Pb+2'  3.0000  'Cl-'
'PbCl3-'                              -1.4737    -1.5248    -1.7798    -2.2061    -2.4563    -2.8718    -4.6287    -5.8258
'PbCl3-'                             1.99488E+02 -1.26624E+03 -2.04388E-01 7.09910E+04 -4.35952E+06
'PbCl4-2'                         349.011  3.0 -2.00  3 1.0000  'Pb+2'  4.0000  'Cl-'
'PbCl4-2'                             -1.2342    -1.1756    -1.3218    -1.6633    -1.8821    -2.2603    -3.9467    -5.1208
'PbCl4-2'                            1.94955E+02 -1.23635E+03 -2.00490E-01 6.94190E+04 -4.32502E+06
'PbF+'                            226.198  2.3  1.00  3 1.0000  'F-'  1.0000  'Pb+2'
'PbF+'                                -2.1100    -2.0216    -2.0273    -2.1325    -2.2121    -2.3595    -3.0828    -3.6141
'PbF+'                               9.73654E+01 -6.19055E+02 -9.91846E-02 3.47023E+04 -2.18087E+06
'PbF2(aq)'                        245.197  0.0  0.00  3 1.0000  'Pb+2'  2.0000  'F-'
'PbF2(aq)'                            -3.5942    -3.3388    -3.2277    -3.2962    -3.3857    -3.5781    -4.7006    -5.6109
'PbF2(aq)'                           1.90616E+02 -1.21000E+03 -1.93118E-01 6.71683E+04 -4.18609E+06
'PdCl+'                           141.873  2.3  1.00  3 1.0000  'Cl-'  1.0000  'Pd+2'
'PdCl+'                               -6.5966    -6.0598    -5.5666    -5.2359    -5.1378    -5.0576    -5.2555    -5.6103
'PdCl+'                              9.16506E+01 -5.81076E+02 -9.55968E-02 3.12528E+04 -2.08812E+06
'PdCl2(aq)'                       177.325  0.0  0.00  3 1.0000  'Pd+2'  2.0000  'Cl-'
'PdCl2(aq)'                          -11.7168   -10.6080    -9.5601    -8.8218    -8.5861    -8.3654    -8.5543    -9.1603
'PdCl2(aq)'                          1.81341E+02 -1.14821E+03 -1.87734E-01 6.15564E+04 -4.09717E+06
'PdCl3-'                          212.778  1.8 -1.00  3 1.0000  'Pd+2'  3.0000  'Cl-'
'PdCl3-'                             -14.6000   -12.9346   -11.3332   -10.1651    -9.7703    -9.3622    -9.2131    -9.7482
'PdCl3-'                             1.84907E+02 -1.17016E+03 -1.92504E-01 6.30562E+04 -4.47912E+06
'PdCl4-2'                         248.231  3.0 -2.00  3 1.0000  'Pd+2'  4.0000  'Cl-'
'PdCl4-2'                            -17.2544   -14.8304   -12.4218   -10.5719    -9.9046    -9.1517    -8.2208    -8.4971
'PdCl4-2'                            1.86060E+02 -1.17415E+03 -1.93800E-01 6.27745E+04 -4.75902E+06
'PdO(aq)'                         122.419  0.0  0.00  4 -2.0000  'H+'  1.0000  'H2O'  1.0000  'Pd+2'
'PdO(aq)'                              2.1971     2.0937     2.0164     1.9876     1.9870     1.9946     2.0129     1.9788
'PdO(aq)'                            3.50711E+01 -2.19038E+02 -3.39367E-02 1.10154E+04 -4.90333E+05
'PdOH+'                           123.427  2.3  1.00  4 -1.0000  'H+'  1.0000  'H2O'  1.0000  'Pd+2'
'PdOH+'                                1.0136     0.9146     0.7997     0.7015     0.6619     0.6100     0.4570     0.3709
'PdOH+'                              2.26911E+01 -1.44439E+02 -2.13071E-02 8.17086E+03 -4.43050E+05
'RbBr(aq)'                        165.372  0.0  0.00  3 1.0000  'Br-'  1.0000  'Rb+'
'RbBr(aq)'                             1.4800     1.2721     1.0003     0.7208     0.5901     0.4004    -0.2464    -0.6457
'RbBr(aq)'                           7.40637E+01 -4.70694E+02 -7.32538E-02 2.65296E+04 -1.52517E+06
'RbCl(aq)'                        120.921  0.0  0.00  3 1.0000  'Cl-'  1.0000  'Rb+'
'RbCl(aq)'                             1.2107     1.0134     0.7573     0.4929     0.3682     0.1858    -0.4507    -0.8522
'RbCl(aq)'                           7.37450E+01 -4.67999E+02 -7.36789E-02 2.60999E+04 -1.48687E+06
'RbF(aq)'                         104.466  0.0  0.00  3 1.0000  'F-'  1.0000  'Rb+'
'RbF(aq)'                             -0.9091    -0.9252    -0.9738    -1.0456    -1.0874    -1.1593    -1.5217    -1.8283
'RbF(aq)'                            8.13616E+01 -5.16672E+02 -8.05064E-02 2.82286E+04 -1.64386E+06
'RbI(aq)'                         212.372  0.0  0.00  3 1.0000  'I-'  1.0000  'Rb+'
'RbI(aq)'                              1.1516     1.0352     0.8693     0.6829     0.5899     0.4485    -0.0858    -0.4440
'RbI(aq)'                            6.78559E+01 -4.29676E+02 -6.82784E-02 2.38461E+04 -1.38000E+06
'Ru(SO4)2-'                       293.197  1.8 -1.00  3 1.0000  'Ru+3'  2.0000  'SO4-2'
'Ru(SO4)2-'                           -1.3999    -2.4066    -3.7300    -5.1008    -5.7436    -6.6762    -9.8052   -11.6239
'Ru(SO4)2-'                          2.71991E+02 -1.73508E+03 -2.74941E-01 9.78169E+04 -5.61118E+06
'RuCl+'                           136.523  2.3  1.00  3 1.0000  'Cl-'  1.0000  'Ru+2'
'RuCl+'                                0.5834     0.5407     0.3762     0.1141    -0.0361    -0.2811    -1.2668    -1.8980
'RuCl+'                              8.96579E+01 -5.68538E+02 -9.28624E-02 3.24682E+04 -2.04156E+06
'RuCl+2'                          136.523  2.8  2.00  3 1.0000  'Cl-'  1.0000  'Ru+3'
'RuCl+2'                              -2.2360    -2.1445    -2.2177    -2.4533    -2.6101    -2.8823    -4.0508    -4.8020
'RuCl+2'                             9.53575E+01 -6.07450E+02 -1.00121E-01 3.52974E+04 -2.35916E+06
'RuCl4-'                          242.881  1.8 -1.00  3 1.0000  'Ru+3'  4.0000  'Cl-'
'RuCl4-'                              -5.3172    -3.9480    -2.7556    -2.0293    -1.8462    -1.7480    -2.6367    -3.7755
'RuCl4-'                             2.76044E+02 -1.74309E+03 -2.83573E-01 9.64644E+04 -6.45689E+06
'RuCl5-2'                         278.333  3.0 -2.00  3 1.0000  'Ru+3'  5.0000  'Cl-'
'RuCl5-2'                             -6.4101    -3.5846    -0.7766     1.3781     2.1540     3.0266     4.0461     3.5998
'RuCl5-2'                            2.83522E+02 -1.77964E+03 -2.88137E-01 9.67228E+04 -6.91942E+06
'RuCl6-3'                         313.786  -4.2 -3.00  3 1.0000  'Ru+3'  6.0000  'Cl-'
'RuCl6-3'                             -7.4549    -3.0655     1.6152     5.5544     7.1119     9.0475    12.9335    13.6366
'RuCl6-3'                            2.83852E+02 -1.76616E+03 -2.82116E-01 9.13672E+04 -6.80071E+06
'RuOH+2'                          118.077  2.8  2.00  4 -1.0000  'H+'  1.0000  'H2O'  1.0000  'Ru+3'
'RuOH+2'                               3.0057     2.3588     1.5997     0.9035     0.6077     0.2139    -0.8176    -1.2375
'RuOH+2'                             2.61252E+01 -1.71486E+02 -2.45507E-02 1.15274E+04 -5.64587E+05
'RuSO4(aq)'                       197.134  0.0  0.00  3 1.0000  'Ru+2'  1.0000  'SO4-2'
'RuSO4(aq)'                           -2.1965    -2.2651    -2.4313    -2.6715    -2.8086    -3.0381    -4.0974    -4.9118
'RuSO4(aq)'                          1.78675E+02 -1.13341E+03 -1.80104E-01 6.18633E+04 -3.61476E+06
'RuSO4+'                          197.134  2.3  1.00  3 1.0000  'Ru+3'  1.0000  'SO4-2'
'RuSO4+'                              -1.4713    -1.9129    -2.4941    -3.1015    -3.3906    -3.8179    -5.3552    -6.3383
'RuSO4+'                             1.77542E+02 -1.12926E+03 -1.79006E-01 6.23001E+04 -3.53713E+06
'S2O5-2'                          144.129  3.0 -2.00  3 1.0000  'O2(g)'  1.0000  'S2O3-2'
'S2O5-2'                             -52.0281   -46.9512   -41.1112   -35.7727   -33.5093   -30.5143   -23.0086   -20.2397
'S2O5-2'                             7.94871E-02 8.91021E+00 -5.47419E-04 -1.68985E+04 4.68742E+04
'SO2(aq)'                          64.065  0.0  0.00  4 -1.0000  'H2O'  1.0000  'SO3-2'  2.0000  'H+'
'SO2(aq)'                             -8.3890    -8.6974    -9.3558   -10.2470   -10.7228   -11.4629   -14.1512   -15.7076
'SO2(aq)'                            1.75880E+02 -1.13096E+03 -1.82786E-01 6.65487E+04 -4.31462E+06
'SiF6-2'                          142.076  3.0 -2.00  5 -2.0000  'H2O'  1.0000  'SiO2(aq)'  4.0000  'H+'  6.0000  'F-'
'SiF6-2'                             -26.5056   -25.5800   -24.7711   -24.2825   -24.1684   -24.1352   -25.1214   -26.3550
'SiF6-2'                             3.41963E+02 -2.18131E+03 -3.46938E-01 1.16876E+05 -7.21759E+06
'SnOH+'                           135.717  2.3  1.00  4 -1.0000  'H+'  1.0000  'H2O'  1.0000  'Sn+2'
'SnOH+'                                3.8861     3.4377     2.9532     2.5484     2.3889     2.1889     1.7293     1.5564
'SnOH+'                              2.44053E+01 -1.56477E+02 -2.13328E-02 9.42760E+03 -3.90810E+05
'SrCO3(aq)'                       147.629  0.0  0.00  4 -1.0000  'H+'  1.0000  'HCO3-'  1.0000  'Sr+2'
'SrCO3(aq)'                            7.8797     7.3259     6.7413     6.2459     6.0435     5.7768     5.0102     4.5714
'SrCO3(aq)'                          8.71887E+01 -5.46905E+02 -8.64965E-02 2.95952E+04 -1.42270E+06
'SrCl+'                           123.073  2.3  1.00  3 1.0000  'Cl-'  1.0000  'Sr+2'
'SrCl+'                                0.3614     0.2826     0.0821    -0.2094    -0.3712    -0.6306    -1.6492    -2.2928
'SrCl+'                              8.98773E+01 -5.70194E+02 -9.32306E-02 3.24790E+04 -2.02187E+06
'SrF+'                            106.618  2.3  1.00  3 1.0000  'F-'  1.0000  'Sr+2'
'SrF+'                                -0.0712    -0.1042    -0.2550    -0.4984    -0.6382    -0.8664    -1.7943    -2.3989
'SrF+'                               9.46839E+01 -6.01827E+02 -9.65452E-02 3.43750E+04 -2.15620E+06
'SrOH+'                           104.627  2.3  1.00  4 -1.0000  'H+'  1.0000  'H2O'  1.0000  'Sr+2'
'SrOH+'                               14.6670    13.3314    11.8305    10.4987     9.9469     9.2284     7.4749     6.8285
'SrOH+'                              2.18695E+01 -1.40023E+02 -1.89696E-02 1.13689E+04 -3.31077E+05
'UO2OH+'                          287.035  2.3  1.00  4 -1.0000  'H+'  1.0000  'H2O'  1.0000  'UO2+2'
'UO2OH+'                               5.8743     5.1883     4.4357     3.7912     3.5316     3.2005     2.4182     2.1306
'UO2OH+'                             2.26802E+01 -1.45983E+02 -1.97984E-02 9.41162E+03 -3.30308E+05
'UOH+3'                           255.036  3.6  3.00  4 -1.0000  'H+'  1.0000  'H2O'  1.0000  'U+4'
'UOH+3'                                1.4721     0.7250    -0.1416    -0.9287    -1.2610    -1.7020    -2.8504    -3.3138
'UOH+3'                              2.61741E+01 -1.73667E+02 -2.50534E-02 1.14908E+04 -5.16445E+05
'Urea(aq)'                         60.056  0.0  0.00  5 -2.0000  'H2O'  1.0000  'H+'  1.0000  'HCO3-'  2.0000  'NH3(aq)'
'Urea(aq)'                            -7.1715    -6.5807    -5.9456    -5.4225    -5.2232    -4.9875    -4.6460    -4.7256
'Urea(aq)'                           7.20933E+01 -4.54614E+02 -7.52132E-02 2.26570E+04 -1.44794E+06
'VOH+2'                            67.949  2.8  2.00  4 -1.0000  'H+'  1.0000  'H2O'  1.0000  'V+3'
'VOH+2'                                3.0199     2.2352     1.4119     0.7376     0.4755     0.1506    -0.5656    -0.8078
'VOH+2'                              1.77129E+01 -1.15988E+02 -1.54422E-02 6.69613E+03 -4.91084E+04
'VOOH+'                            83.948  2.3  1.00  4 -1.0000  'H+'  1.0000  'H2O'  1.0000  'VO+2'
'VOOH+'                                5.9930     5.5181     5.0201     4.6153     4.4597     4.2688     3.8615     3.7263
'VOOH+'                              1.65352E+01 -1.03897E+02 -1.38358E-02 6.33690E+03 -1.71109E+05
'ZnCl+'                           100.843  2.3  1.00  3 1.0000  'Cl-'  1.0000  'Zn+2'
'ZnCl+'                               -0.1441    -0.3403    -0.6850    -1.1339    -1.3736    -1.7491    -3.1500    -3.9794
'ZnCl+'                              7.89253E+01 -4.98330E+02 -8.81654E-02 2.79900E+04 -1.71433E+06
'ZnCl2(aq)'                       136.295  0.0  0.00  3 1.0000  'Zn+2'  2.0000  'Cl-'
'ZnCl2(aq)'                           -0.0011    -0.3590    -0.9932    -1.7883    -2.2009    -2.8359    -5.1515    -6.5314
'ZnCl2(aq)'                          1.79336E+02 -1.14180E+03 -1.85124E-01 6.57823E+04 -4.06940E+06
'ZnCl3-'                          171.748  1.8 -1.00  3 1.0000  'Zn+2'  3.0000  'Cl-'
'ZnCl3-'                              -0.0722    -0.3513    -0.9812    -1.8796    -2.3748    -3.1626    -6.1520    -7.9335
'ZnCl3-'                             1.80176E+02 -1.14120E+03 -1.96700E-01 6.55614E+04 -4.17525E+06
'ZnF+'                             84.388  2.3  1.00  3 1.0000  'F-'  1.0000  'Zn+2'
'ZnF+'                                -1.1157    -1.1177    -1.2384    -1.4577    -1.5880    -1.8047    -2.7110    -3.3132
'ZnF+'                               9.84542E+01 -6.26894E+02 -9.99234E-02 3.57785E+04 -2.25649E+06
'ZnOH+'                            82.397  2.3  1.00  4 -1.0000  'H+'  1.0000  'H2O'  1.0000  'Zn+2'
'ZnOH+'                                9.3520     8.6082     7.7363     6.9038     6.5355     6.0291     4.6137     4.0046
'ZnOH+'                              1.96165E+00 -6.62647E+00 -8.98310E-03 1.78954E+03 6.53433E+04
'null'   0. 0. 0. 0 

#****************************** 
#* Minerals 
#****************************** 

'Anorthite'                      278.207 100.790 5  -8.0000 'H+'    2.0000 'Al+3'    1.0000 'Ca+2'    2.0000 'SiO2(aq)'    4.0000 'H2O'
'Anorthite'                           31.1331    25.8366    19.7998    14.3389    12.0314     8.9670     0.9526    -2.3727
'Anorthite'                          -7.50917E+03 4.16295E+04 9.05194E+03 -1.95729E+06 -1.03407E+08
'An90'                           276.609 100.718 6  -7.6000 'H+'    1.9000 'Al+3'    0.1000 'Na+'    0.9000 'Ca+2'    2.1000 'SiO2(aq)'    3.8000 'H2O'
'An90'                                28.9902    24.0305    18.3906    13.3009    11.1537     8.3052     0.8646    -2.2282
'An90'                               -3.83292E+04 4.31182E+04 -5.40564E+03 3.83591E+06 3.87351E+07
'An80'                           275.010 100.646 6  -7.2000 'H+'    1.8000 'Al+3'    0.2000 'Na+'    0.8000 'Ca+2'    2.2000 'SiO2(aq)'    3.6000 'H2O'
'An80'                                26.7094    22.0864    16.8436    12.1250    10.1381     7.5055     0.6387    -2.2217
'An80'                               2.05062E+04 4.03264E+04 1.60482E+03 -5.32636E+06 4.16326E+07
'An70'                           273.412 100.574 6  -6.8000 'H+'    1.7000 'Al+3'    0.3000 'Na+'    0.7000 'Ca+2'    2.3000 'SiO2(aq)'    3.4000 'H2O'
'An70'                                24.3639    20.0777    15.2319    10.8844     9.0578     6.6412     0.3481    -2.2799
'An70'                               5.01413E+03 -9.37114E+04 5.61132E+03 -1.15623E+06 -1.02823E+07
'An60'                           271.814 100.502 6  -6.4000 'H+'    1.6000 'Al+3'    0.4000 'Na+'    0.6000 'Ca+2'    2.4000 'SiO2(aq)'    3.2000 'H2O'
'An60'                                21.9679    18.0184    13.5697     9.5933     7.9270     5.7263     0.0069    -2.3886
'An60'                               -5.23000E+04 2.02049E+05 3.13148E+03 -6.11693E+05 -5.46950E+07
'An50'                           270.215 100.430 6  -6.0000 'H+'    1.5000 'Al+3'    0.5000 'Na+'    0.5000 'Ca+2'    2.5000 'SiO2(aq)'    3.0000 'H2O'
'An50'                                19.5266    15.9138    11.8622     8.2569     6.7510     4.7661    -0.3795    -2.5426
'An50'                               3.05822E+04 6.97617E+04 2.73288E+03 -4.71005E+06 -3.00712E+07
'An40'                           268.617 100.358 6  -5.6000 'H+'    1.4000 'Al+3'    0.6000 'Na+'    0.4000 'Ca+2'    2.6000 'SiO2(aq)'    2.8000 'H2O'
'An40'                                17.0414    13.7653    10.1107     6.8766     5.5309     3.7620    -0.8099    -2.7405
'An40'                               -3.08570E+04 -9.76831E+03 -1.44574E+03 -3.39740E+05 9.92706E+07
'An30'                           267.018 100.286 6  -5.2000 'H+'    1.3000 'Al+3'    0.7000 'Na+'    0.3000 'Ca+2'    2.7000 'SiO2(aq)'    2.6000 'H2O'
'An30'                                14.5104    11.5711     8.3135     5.4505     4.2652     2.7121    -1.2860    -2.9841
'An30'                               -1.84419E+04 4.38284E+05 2.54569E+03 -7.91343E+06 -7.87633E+07
'An20'                           265.420 100.214 6  -4.8000 'H+'    1.2000 'Al+3'    0.8000 'Na+'    0.2000 'Ca+2'    2.8000 'SiO2(aq)'    2.4000 'H2O'
'An20'                                11.9279     9.3253     6.4647     3.9729     2.9478     1.6107    -1.8137    -3.2794
'An20'                               7.99674E+04 -4.80332E+05 8.41900E+03 1.82645E+06 -3.78767E+07
'An10'                           263.821 100.142 6  -4.4000 'H+'    1.1000 'Al+3'    0.9000 'Na+'    0.1000 'Ca+2'    2.9000 'SiO2(aq)'    2.2000 'H2O'
'An10'                                 9.2791     7.0133     4.5497     2.4290     1.5643     0.4430    -2.4076    -3.6408
'An10'                               -3.41566E+04 1.55954E+05 -8.06723E+02 -3.33208E+06 6.71536E+07
'Albite'                         262.223 100.070 5  -4.0000 'H+'    1.0000 'Al+3'    1.0000 'Na+'    3.0000 'SiO2(aq)'    2.0000 'H2O'
'Albite'                               6.4902     4.5612     2.4946     0.7450     0.0406    -0.8647    -3.1416    -4.1424
'Albite'                             -2.77369E+03 2.11879E+04 -3.30905E+03 -6.07958E+05 5.92410E+07
'Forsterite'                     140.693  43.650 4  -4.0000 'H+'    2.0000 'Mg+2'    1.0000 'SiO2(aq)'    2.0000 'H2O'
'Forsterite'                          32.5139    28.8511    24.7146    21.0192    19.4769    17.4533    12.3648    10.3729
'Forsterite'                         1.01288E+05 1.92329E+05 4.20082E+03 -7.58383E+06 -2.00006E+08
'Fo90'                           147.001  43.916 5  -4.0000 'H+'    1.8000 'Mg+2'    0.2000 'Fe+2'    1.0000 'SiO2(aq)'    2.0000 'H2O'
'Fo90'                                31.4240    27.8316    23.7736    20.1470    18.6327    16.6450    11.6396     9.6753
'Fo90'                               -1.15183E+05 5.26410E+05 3.98212E+03 -1.23839E+07 1.50108E+08
'Fo80'                           153.310  44.182 5  -4.0000 'H+'    1.6000 'Mg+2'    0.4000 'Fe+2'    1.0000 'SiO2(aq)'    2.0000 'H2O'
'Fo80'                                30.4287    26.9101    22.9345    19.3800    17.8952    15.9454    11.0279     9.0932
'Fo80'                               1.23846E+04 -9.12056E+04 5.10291E+03 1.14882E+06 -7.63534E+07
'Fo70'                           159.618  44.448 5  -4.0000 'H+'    1.4000 'Mg+2'    0.6000 'Fe+2'    1.0000 'SiO2(aq)'    2.0000 'H2O'
'Fo70'                                29.4543    26.0127    22.1233    18.6445    17.1907    15.2807    10.4561     8.5527
'Fo70'                               -5.27947E+03 -8.10960E+04 -4.90447E+03 3.87688E+06 4.10282E+07
'Fo60'                           165.927  44.714 5  -4.0000 'H+'    1.2000 'Mg+2'    0.8000 'Fe+2'    1.0000 'SiO2(aq)'    2.0000 'H2O'
'Fo60'                                28.4864    25.1252    21.3258    17.9261    16.5047    14.6365     9.9097     8.0394
'Fo60'                               3.12114E+04 -1.96382E+04 -7.93738E+02 1.10003E+06 -6.56048E+07
'Fo50'                           172.235  44.980 5  -4.0000 'H+'    1.0000 'Mg+2'    1.0000 'Fe+2'    1.0000 'SiO2(aq)'    2.0000 'H2O'
'Fo50'                                27.5195    24.2420    20.5364    17.2194    15.8319    14.0074     9.3833     7.5479
'Fo50'                               4.05838E+04 1.10373E+05 -6.03626E+02 -3.14164E+06 -6.26463E+07
'Fo40'                           178.543  45.246 5  -4.0000 'H+'    0.8000 'Mg+2'    1.2000 'Fe+2'    1.0000 'SiO2(aq)'    2.0000 'H2O'
'Fo40'                                26.5522    23.3617    19.7537    16.5228    15.1707    13.3919     8.8754     7.0766
'Fo40'                               -1.30337E+04 2.06229E+04 3.50090E+03 3.59071E+06 -1.31127E+08
'Fo30'                           184.852  45.512 5  -4.0000 'H+'    0.6000 'Mg+2'    1.4000 'Fe+2'    1.0000 'SiO2(aq)'    2.0000 'H2O'
'Fo30'                                25.5858    22.4856    18.9792    15.8379    14.5227    12.7915     8.3874     6.6272
'Fo30'                               1.42587E+04 4.00410E+05 -1.19538E+04 -3.70063E+06 3.62790E+05
'Fo20'                           191.160  45.778 5  -4.0000 'H+'    0.4000 'Mg+2'    1.6000 'Fe+2'    1.0000 'SiO2(aq)'    2.0000 'H2O'
'Fo20'                                24.6260    21.6195    18.2183    15.1700    13.8932    12.2116     7.9249     6.2050
'Fo20'                               1.48427E+04 1.30244E+05 -5.88572E+03 -1.27511E+06 1.25886E+07
'Fo10'                           197.469  46.044 5  -4.0000 'H+'    0.2000 'Mg+2'    1.8000 'Fe+2'    1.0000 'SiO2(aq)'    2.0000 'H2O'
'Fo10'                                23.6870    20.7775    17.4854    14.5337    13.2967    11.6666     7.5022     5.8244
'Fo10'                               7.20839E+03 -1.79688E+05 -2.75173E+03 1.74644E+06 9.71467E+07
'Fayalite'                       203.777  46.310 4  -4.0000 'H+'    2.0000 'Fe+2'    1.0000 'SiO2(aq)'    2.0000 'H2O'
'Fayalite'                            22.8427    20.0334    16.8542    14.0026    12.8069    11.2303     7.1930     5.5591
'Fayalite'                           -3.89151E+04 1.19484E+05 6.34831E+03 -1.29980E+06 -6.30770E+07
'Enstatite'                      100.389  31.310 4  -2.0000 'H+'    1.0000 'Mg+2'    1.0000 'SiO2(aq)'    1.0000 'H2O'
'Enstatite'                           13.6316    11.9716    10.1233     8.4945     7.8209     6.9421     4.7414     3.8624
'Enstatite'                          -5.41737E+04 -1.78564E+05 -5.23312E+02 -7.55474E+05 2.47658E+08
'En90'                           103.543  31.479 5  -2.0000 'H+'    0.9000 'Mg+2'    0.1000 'Fe+2'    1.0000 'SiO2(aq)'    1.0000 'H2O'
'En90'                                13.0269    11.4085     9.6067     8.0188     7.3619     6.5044     4.3531     3.4906
'En90'                               3.85063E+02 -1.31878E+05 7.37439E+02 -2.43407E+05 7.62166E+07
'En80'                           106.697  31.648 5  -2.0000 'H+'    0.8000 'Mg+2'    0.2000 'Fe+2'    1.0000 'SiO2(aq)'    1.0000 'H2O'
'En80'                                12.4958    10.9181     9.1620     7.6140     6.9734     6.1368     4.0337     3.1871
'En80'                               -2.24469E+04 -3.90477E+04 5.66313E+03 -3.48533E+06 6.82149E+07
'En70'                           109.851  31.817 5  -2.0000 'H+'    0.7000 'Mg+2'    0.3000 'Fe+2'    1.0000 'SiO2(aq)'    1.0000 'H2O'
'En70'                                12.0014    10.4637     8.7522     7.2432     6.6185     5.8023     3.7462     2.9152
'En70'                               -4.36065E+03 2.90269E+05 8.27781E+03 -2.28456E+06 -2.44867E+08
'En60'                           113.005  31.986 5  -2.0000 'H+'    0.6000 'Mg+2'    0.4000 'Fe+2'    1.0000 'SiO2(aq)'    1.0000 'H2O'
'En60'                                11.5365    10.0379     8.3701     6.8993     6.2902     5.4939     3.4835     2.6676
'En60'                               3.76072E+04 9.34372E+04 -1.79126E+03 -5.85644E+06 4.03475E+07
'En50'                           116.160  32.155 5  -2.0000 'H+'    0.5000 'Mg+2'    0.5000 'Fe+2'    1.0000 'SiO2(aq)'    1.0000 'H2O'
'En50'                                11.0984     9.6380     8.0130     6.5796     5.9856     5.2087     3.2429     2.4415
'En50'                               -9.44455E+03 2.33326E+05 -1.27900E+02 -2.59935E+06 -5.98421E+07
'En40'                           119.314  32.324 5  -2.0000 'H+'    0.4000 'Mg+2'    0.6000 'Fe+2'    1.0000 'SiO2(aq)'    1.0000 'H2O'
'En40'                                10.6864     9.2634     7.6801     6.2832     5.7040     4.9460     3.0235     2.2364
'En40'                               -5.65651E+04 1.82520E+05 -4.17082E+03 2.18398E+06 1.02964E+07
'En30'                           122.468  32.493 5  -2.0000 'H+'    0.3000 'Mg+2'    0.7000 'Fe+2'    1.0000 'SiO2(aq)'    1.0000 'H2O'
'En30'                                10.3011     8.9147     7.3723     6.0109     5.4461     4.7066     2.8262     2.0527
'En30'                               -3.75672E+04 1.68408E+05 6.81231E+03 -2.81281E+06 -6.57960E+07
'En20'                           125.622  32.662 5  -2.0000 'H+'    0.2000 'Mg+2'    0.8000 'Fe+2'    1.0000 'SiO2(aq)'    1.0000 'H2O'
'En20'                                 9.9454     8.5948     7.0922     5.7655     5.2148     4.4932     2.6536     1.8935
'En20'                               -3.32266E+04 -1.66784E+04 9.19485E+03 -2.99832E+06 8.56139E+06
'En10'                           128.776  32.831 5  -2.0000 'H+'    0.1000 'Mg+2'    0.9000 'Fe+2'    1.0000 'SiO2(aq)'    1.0000 'H2O'
'En10'                                 9.6263     8.3107     6.8470     5.5541     5.0171     4.3129     2.5130     1.7657
'En10'                               -3.17745E+04 2.19707E+05 -5.85882E+02 -7.77609E+04 -6.22914E+07
'Ferrosilite'                    131.931  33.000 4  -2.0000 'H+'    1.0000 'Fe+2'    1.0000 'SiO2(aq)'    1.0000 'H2O'
'Ferrosilite'                          9.3809     8.0993     6.6736     5.4136     4.8900     4.2028     2.4412     1.7063
'Ferrosilite'                        4.19957E+04 7.45365E+04 8.64468E+02 -4.50735E+06 -3.18925E+07
'Diopside'                       216.550  66.090 5  -4.0000 'H+'    1.0000 'Ca+2'    1.0000 'Mg+2'    2.0000 'SiO2(aq)'    2.0000 'H2O'
'Diopside'                            24.7509    21.9473    18.8429    16.1127    14.9831    13.5074     9.7800     8.2588
'Diopside'                           -1.03341E+04 -5.62399E+04 9.11891E+03 -2.68493E+06 -1.94096E+07
'Di90Hed10'                      219.705  66.276 6  -4.0000 'H+'    1.0000 'Ca+2'    0.9000 'Mg+2'    0.1000 'Fe+2'    2.0000 'SiO2(aq)'    2.0000 'H2O'
'Di90Hed10'                           24.1848    21.3673    18.2455    15.4979    14.3605    12.8737     9.1155     7.5816
'Di90Hed10'                          -7.82771E+03 2.42944E+05 3.21830E+03 -3.09873E+06 -1.08900E+08
'Di80Hed20'                      222.859  66.462 6  -4.0000 'H+'    1.0000 'Ca+2'    0.8000 'Mg+2'    0.2000 'Fe+2'    2.0000 'SiO2(aq)'    2.0000 'H2O'
'Di80Hed20'                           23.9218    21.1208    18.0168    15.2838    14.1520    12.6721     8.9281     7.3980
'Di80Hed20'                          2.96791E+04 -3.03311E+05 7.36590E+03 1.83004E+06 -3.09729E+07
'Di70Hed30'                      226.013  66.648 6  -4.0000 'H+'    1.0000 'Ca+2'    0.7000 'Mg+2'    0.3000 'Fe+2'    2.0000 'SiO2(aq)'    2.0000 'H2O'
'Di70Hed30'                           23.6716    20.8884    17.8035    15.0865    13.9609    12.4888     8.7608     7.2353
'Di70Hed30'                          -9.65952E+03 -6.43883E+04 2.27908E+03 -1.34977E+06 5.78187E+07
'Di60Hed40'                      229.167  66.834 6  -4.0000 'H+'    1.0000 'Ca+2'    0.6000 'Mg+2'    0.4000 'Fe+2'    2.0000 'SiO2(aq)'    2.0000 'H2O'
'Di60Hed40'                           23.4309    20.6664    17.6019    14.9019    13.7830    12.3190     8.6085     7.0881
'Di60Hed40'                          -4.07527E+03 3.06269E+05 2.99882E+03 -5.41403E+06 -9.47158E+07
'Di50Hed50'                      232.321  67.020 6  -4.0000 'H+'    1.0000 'Ca+2'    0.5000 'Mg+2'    0.5000 'Fe+2'    2.0000 'SiO2(aq)'    2.0000 'H2O'
'Di50Hed50'                           23.1985    20.4536    17.4104    14.7282    13.6163    12.1611     8.4692     6.9544
'Di50Hed50'                          5.14328E+04 1.58880E+05 -1.01957E+04 -9.51700E+05 -1.96625E+07
'Di40Hed60'                      235.476  67.206 6  -4.0000 'H+'    1.0000 'Ca+2'    0.4000 'Mg+2'    0.6000 'Fe+2'    2.0000 'SiO2(aq)'    2.0000 'H2O'
'Di40Hed60'                           22.9741    20.2496    17.2285    14.5650    13.4605    12.0145     8.3425     6.8336
'Di40Hed60'                          -3.81552E+04 -8.79158E+04 5.65431E+03 -1.82325E+06 8.89498E+07
'Di30Hed70'                      238.630  67.392 6  -4.0000 'H+'    1.0000 'Ca+2'    0.3000 'Mg+2'    0.7000 'Fe+2'    2.0000 'SiO2(aq)'    2.0000 'H2O'
'Di30Hed70'                           22.7579    20.0546    17.0567    14.4128    13.3160    11.8797     8.2288     6.7263
'Di30Hed70'                          1.11697E+04 1.76799E+05 -1.11290E+03 -1.46195E+06 -7.90235E+07
'Di20Hed80'                      241.784  67.578 6  -4.0000 'H+'    1.0000 'Ca+2'    0.2000 'Mg+2'    0.8000 'Fe+2'    2.0000 'SiO2(aq)'    2.0000 'H2O'
'Di20Hed80'                           22.5513    19.8702    16.8965    14.2731    13.1845    11.7585     8.1301     6.6346
'Di20Hed80'                          3.43106E+04 9.51614E+04 1.95844E+03 -1.49004E+06 -1.21843E+08
'Di10Hed90'                      244.938  67.764 6  -4.0000 'H+'    1.0000 'Ca+2'    0.1000 'Mg+2'    0.9000 'Fe+2'    2.0000 'SiO2(aq)'    2.0000 'H2O'
'Di10Hed90'                           22.3574    19.6998    16.7519    14.1504    13.0706    11.6555     8.0516     6.5637
'Di10Hed90'                          -1.27077E+04 -1.91010E+05 4.60358E+03 1.99621E+06 2.31192E+07
'Hedenbergite'                   248.092  67.950 5  -4.0000 'H+'    1.0000 'Ca+2'    1.0000 'Fe+2'    2.0000 'SiO2(aq)'    2.0000 'H2O'
'Hedenbergite'                        22.4666    19.8630    16.9758    14.4283    13.3708    11.9847     8.4500     6.9864
'Hedenbergite'                       -3.83625E+04 1.00195E+04 6.83887E+03 1.49308E+06 -7.32600E+07
'Acanthite'                      247.802   34.20 4 -1.0000 'H+' 1.0000 'HS-' 2.0000 'Ag+'
'Acanthite'                          -39.5808   -35.9486   -31.8144   -28.0762   -26.5068   -24.4509   -19.5864   -18.0132
'Acanthite'                          9.15305E+01 -5.73052E+02 -9.40145E-02 1.88653E+04 -1.74622E+06
'Silver'                         107.868   10.27 5 -1.0000 'H+' -0.2500 'O2(g)' 0.5000 'H2O' 1.0000 'Ag+'
'Silver'                               7.8824     7.2742     6.5996     6.0121     5.7729     5.4664     4.7543     4.5098
'Silver'                             9.55201E+00 -6.07223E+01 -6.91910E-03 5.13712E+03 -1.41688E+05
'Akermanite'                     272.628   92.81 6 -6.0000 'H+' 1.0000 'Mg+2' 2.0000 'Ca+2' 2.0000 'SiO2(aq)' 3.0000 'H2O'
'Akermanite'                          51.4729    46.1915    40.2475    34.9294    32.7035    29.7749    22.3520    19.4071
'Akermanite'                         1.33641E+02 -8.49955E+02 -1.31760E-01 5.85580E+04 -1.99153E+06
'Alabandite'                      87.004   21.46 4 -1.0000 'H+' 1.0000 'HS-' 1.0000 'Mn+2'
'Alabandite'                           0.5213     0.1510    -0.3472    -0.8757    -1.1277    -1.4974    -2.7593    -3.4953
'Alabandite'                         1.03005E+02 -6.55155E+02 -1.05518E-01 3.69230E+04 -2.12909E+06
'Alunite'                        414.214  293.60 6 -6.0000 'H+' 1.0000 'K+' 2.0000 'SO4-2' 3.0000 'Al+3' 6.0000 'H2O'
'Alunite'                              4.9541     1.2330    -3.4372    -8.0828   -10.1972   -13.1848   -22.4016   -27.1118
'Alunite'                            4.62869E+02 -2.96126E+03 -4.82274E-01 1.71883E+05 -9.55180E+06
'Amesite'                        557.370  207.27 6 -10.0000 'H+' 1.0000 'SiO2(aq)' 2.0000 'Al+3' 2.0000 'Mg+2' 7.0000 'H2O'
'Amesite'                           -757.6812  -697.8314  -629.1912  -566.5925  -540.1111  -505.1507  -418.3188  -386.8451
'Amesite'                            2.08733E+02 -1.35223E+03 -2.21553E-01 -1.27173E+05 -3.75877E+06
'Andalusite'                     162.046   51.52 5 -6.0000 'H+' 1.0000 'SiO2(aq)' 2.0000 'Al+3' 3.0000 'H2O'
'Andalusite'                          18.5550    14.6610    10.1805     6.0963     4.3615     2.0481    -4.0558    -6.5984
'Andalusite'                         1.39187E+02 -9.04574E+02 -1.40358E-01 5.84739E+04 -2.49528E+06
'Andradite'                      508.177  131.85 6 -12.0000 'H+' 2.0000 'Fe+3' 3.0000 'Ca+2' 3.0000 'SiO2(aq)' 6.0000 'H2O'
'Andradite'                           40.4624    34.6717    28.1751    22.3778    19.9475    16.7327     8.3050     4.7097
'Andradite'                          2.53480E+02 -1.61633E+03 -2.56716E-01 9.74953E+04 -3.88350E+06
'Anglesite'                      303.264   47.95 3 1.0000 'Pb+2' 1.0000 'SO4-2'
'Anglesite'                           -7.7802    -7.5555    -7.4998    -7.6473    -7.7800    -8.0390    -9.3802   -10.3894
'Anglesite'                          1.80358E+02 -1.14857E+03 -1.85589E-01 6.38008E+04 -4.02183E+06
'Anhydrite'                      136.142   45.94 3 1.0000 'Ca+2' 1.0000 'SO4-2'
'Anhydrite'                           -3.7370    -4.0061    -4.4974    -5.1367    -5.4773    -6.0122    -8.0588    -9.3387
'Anhydrite'                          1.73404E+02 -1.10291E+03 -1.81659E-01 6.17597E+04 -3.73909E+06
'Annite'                         511.886  154.32 7 -10.0000 'H+' 1.0000 'Al+3' 1.0000 'K+' 3.0000 'Fe+2' 3.0000 'SiO2(aq)' 6.0000 'H2O'
'Annite'                              35.8715    30.7591    25.0255    19.9360    17.8159    15.0284     7.8448     4.8391
'Annite'                             2.32058E+02 -1.48621E+03 -2.26587E-01 9.08893E+04 -3.77718E+06
'Anthophyllite'                  780.820  264.40 5 -14.0000 'H+' 7.0000 'Mg+2' 8.0000 'H2O' 8.0000 'SiO2(aq)'
'Anthophyllite'                       79.9161    69.6383    58.3165    48.4592    44.4193    39.1821    26.1819    20.9468
'Anthophyllite'                      4.22493E+02 -2.70213E+03 -4.00709E-01 1.65382E+05 -6.27888E+06
'Antigorite'                    4535.951 1754.70 5 -96.0000 'H+' 34.0000 'SiO2(aq)' 48.0000 'Mg+2' 79.0000 'H2O'
'Antigorite'                         564.3419   498.6512   426.0149   362.7213   336.7914   303.2041   220.2317   187.3632
'Antigorite'                         2.54838E+03 -1.62906E+04 -2.38398E+00 1.01859E+06 -3.87519E+07
'Aragonite'                      100.087   34.15 4 -1.0000 'H+' 1.0000 'Ca+2' 1.0000 'HCO3-'
'Aragonite'                            2.5749     2.1558     1.6161     1.0507     0.7818     0.3880    -0.9432    -1.7047
'Aragonite'                          8.85784E+01 -5.59222E+02 -9.42789E-02 3.10953E+04 -1.73233E+06
'Artinite'                       196.680   96.90 5 -3.0000 'H+' 1.0000 'HCO3-' 2.0000 'Mg+2' 5.0000 'H2O'
'Artinite'                            21.8748    19.7649    17.3588    15.1961    14.2871    13.0826     9.8957     8.4977
'Artinite'                           1.39256E+02 -8.85000E+02 -1.34229E-01 5.38003E+04 -2.58532E+06
'Gold'                           196.967   10.21 5 -1.0000 'H+' -0.2500 'O2(g)' 0.5000 'H2O' 1.0000 'Au+'
'Gold'                                -8.8044    -7.8852    -6.8209    -5.8360    -5.4138    -4.8502    -3.4107    -2.8715
'Gold'                               8.11105E+00 -5.02691E+01 -6.16542E-03 -5.29282E+01 -1.61233E+05
'Azurite'                        344.671   91.01 5 -4.0000 'H+' 2.0000 'H2O' 2.0000 'HCO3-' 3.0000 'Cu+2'
'Azurite'                             11.5850     9.6116     7.2688     5.0581     4.0879     2.7514    -1.2065    -3.2173
'Azurite'                            2.41745E+02 -1.53861E+03 -2.43914E-01 8.83049E+04 -4.67483E+06
'Barite'                         233.391   52.10 3 1.0000 'Ba+2' 1.0000 'SO4-2'
'Barite'                             -10.1049    -9.6683    -9.3549    -9.2700    -9.3076    -9.4455   -10.5127   -11.4322
'Barite'                             1.64225E+02 -1.04192E+03 -1.74037E-01 5.62010E+04 -3.55946E+06
'Berndtite'                      182.842   40.96 5 -1.0000 'H2O' 0.5000 'O2(g)' 1.0000 'Sn+2' 2.0000 'HS-'
'Berndtite'                          -72.6205   -66.1934   -58.9945   -52.6072   -49.9680   -46.5575   -38.6796   -36.2681
'Berndtite'                          1.68450E+02 -1.06219E+03 -1.74978E-01 3.87467E+04 -3.69329E+06
'Boehmite'                        59.988   19.50 4 -3.0000 'H+' 1.0000 'Al+3' 2.0000 'H2O'
'Boehmite'                             9.5782     7.7590     5.6472     3.7125     2.8891     1.7906    -1.0983    -2.2851
'Boehmite'                           6.21833E+01 -4.05867E+02 -6.13270E-02 2.72277E+04 -1.21856E+06
'Bornite'                        501.841   98.60 6 -4.0000 'H+' 1.0000 'Cu+2' 1.0000 'Fe+2' 4.0000 'Cu+' 4.0000 'HS-'
'Bornite'                           -110.3797  -101.8852   -92.3062   -83.7378   -80.1808   -75.5784   -65.1676   -62.3390
'Bornite'                            4.49800E+02 -2.85528E+03 -4.50277E-01 1.27060E+05 -9.00270E+06
'Bromellite'                      25.012    8.31 4 -2.0000 'H+' 1.0000 'Be+2' 1.0000 'H2O'
'Bromellite'                         118.2361   107.9815    96.2204    85.5026    80.9674    74.9710    59.9148    54.3015
'Bromellite'                         3.91702E+01 -2.51525E+02 -3.77141E-02 4.62679E+04 -6.76318E+05
'Brucite'                         58.320   24.63 4 -2.0000 'H+' 1.0000 'Mg+2' 2.0000 'H2O'
'Brucite'                             18.1363    16.3407    14.3077    12.4920    11.7353    10.7443     8.2743     7.3314
'Brucite'                            4.02380E+01 -2.58340E+02 -3.69020E-02 1.91078E+04 -6.81411E+05
'Bunsenite'                       74.689   10.97 4 -2.0000 'H+' 1.0000 'H2O' 1.0000 'Ni+2'
'Bunsenite'                           14.1943    12.5916    10.7398     9.0472     8.3282     7.3720     4.8895     3.8933
'Bunsenite'                          4.21079E+01 -2.71444E+02 -4.14591E-02 1.95689E+04 -8.13555E+05
'Graphite'                        12.011    5.30 5 -1.0000 'H2O' -1.0000 'O2(g)' 1.0000 'H+' 1.0000 'HCO3-'
'Graphite'                            67.7353    61.2733    53.7870    46.8730    43.9145    39.9664    29.7971    25.8394
'Graphite'                           5.82076E+01 -3.75688E+02 -6.31452E-02 4.11402E+04 -1.23012E+06
'Calcite'                        100.087   36.93 4 -1.0000 'H+' 1.0000 'Ca+2' 1.0000 'HCO3-'
'Calcite'                              2.4477     2.0285     1.4881     0.9207     0.6501     0.2530    -1.0934    -1.8640
'Calcite'                            8.75187E+01 -5.52228E+02 -9.37328E-02 3.06187E+04 -1.70109E+06
'Cassiterite'                    150.709   21.55 5 -2.0000 'H+' 0.5000 'O2(g)' 1.0000 'H2O' 1.0000 'Sn+2'
'Cassiterite'                        -49.1954   -44.6105   -39.3594   -34.5697   -32.5426   -29.8661   -23.2297   -20.8449
'Cassiterite'                        3.61330E+01 -2.24032E+02 -3.49492E-02 -2.30554E+03 -7.37553E+05
'Celadonite'                     396.736  157.10 7 -6.0000 'H+' 1.0000 'Al+3' 1.0000 'K+' 1.0000 'Mg+2' 4.0000 'H2O' 4.0000 'SiO2(aq)'
'Celadonite'                        1056.1657   966.1242   862.9556   768.9710   729.2134   676.6734   545.1301   496.3899
'Celadonite'                         1.77428E+02 -1.13265E+03 -1.69208E-01 3.47754E+05 -2.49424E+06
'Celestite'                      183.684   46.25 3 1.0000 'SO4-2' 1.0000 'Sr+2'
'Celestite'                           -5.3167    -5.3806    -5.6499    -6.0910    -6.3474    -6.7699    -8.5187    -9.6771
'Celestite'                          1.77279E+02 -1.12920E+03 -1.83210E-01 6.33609E+04 -3.92279E+06
'Cerussite'                      267.209   40.59 4 -1.0000 'H+' 1.0000 'HCO3-' 1.0000 'Pb+2'
'Cerussite'                           -3.2517    -3.0224    -2.8386    -2.7534    -2.7485    -2.7811    -3.2084    -3.6351
'Cerussite'                          9.59534E+01 -6.06827E+02 -9.94076E-02 3.25893E+04 -2.00571E+06
'Chalcedony'                      60.084   22.69 2 1.0000 'SiO2(aq)'
'Chalcedony'                          -3.6226    -3.4295    -3.1596    -2.8754    -2.7448    -2.5634    -2.0817    -1.9200
'Chalcedony'                         1.66175E+01 -1.03916E+02 -1.65147E-02 3.60505E+03 -1.20755E+05
'Chalcocite'                     159.158   27.48 4 -1.0000 'H+' 1.0000 'HS-' 2.0000 'Cu+'
'Chalcocite'                         -37.9013   -34.6035   -30.8296   -27.3998   -25.9799   -24.1263   -19.6941   -18.2587
'Chalcocite'                         4.53621E+01 -2.77631E+02 -5.39402E-02 2.40303E+03 -6.57976E+05
'Chalcopyrite'                   183.525   42.83 5 -2.0000 'H+' 1.0000 'Cu+2' 1.0000 'Fe+2' 2.0000 'HS-'
'Chalcopyrite'                       -34.3484   -32.2784   -30.0532   -28.1711   -27.4306   -26.5251   -24.9419   -24.9068
'Chalcopyrite'                       2.10852E+02 -1.34312E+03 -2.15686E-01 6.64762E+04 -4.37012E+06
'Chlorargyrite'                  143.321   25.73 3 1.0000 'Ag+' 1.0000 'Cl-'
'Chlorargyrite'                      -10.7620    -9.6943    -8.5324    -7.5400    -7.1450    -6.6538    -5.6915    -5.5458
'Chlorargyrite'                      7.39496E+01 -4.65600E+02 -7.65349E-02 2.23692E+04 -1.56756E+06
'Chrysotile'                     277.112  108.50 5 -6.0000 'H+' 2.0000 'SiO2(aq)' 3.0000 'Mg+2' 5.0000 'H2O'
'Chrysotile'                          36.0486    31.9018    27.3082    23.2978    21.6525    19.5193    14.2444    12.1594
'Chrysotile'                         1.56584E+02 -1.00115E+03 -1.46397E-01 6.30613E+04 -2.39627E+06
'Cinnabar'                       232.656   28.42 4 -1.0000 'H+' 1.0000 'HS-' 1.0000 'Hg+2'
'Cinnabar'                           -42.1326   -38.8040   -35.0407   -31.6640   -30.2567   -28.4259   -24.1351   -22.7997
'Cinnabar'                           1.00010E+02 -6.35011E+02 -1.01516E-01 2.37561E+04 -2.04600E+06
'Clinochlore'                    555.797  211.62 6 -16.0000 'H+' 2.0000 'Al+3' 3.0000 'SiO2(aq)' 5.0000 'Mg+2' 12.0000 'H2O'
'Clinochlore'                         75.8618    65.5469    53.9303    43.6092    39.3155    33.6852    19.3926    13.6369
'Clinochlore'                        3.80221E+02 -2.44727E+03 -3.63313E-01 1.56763E+05 -6.31074E+06
'Clinozoisite'                   454.357  136.20 6 -13.0000 'H+' 2.0000 'Ca+2' 3.0000 'Al+3' 3.0000 'SiO2(aq)' 7.0000 'H2O'
'Clinozoisite'                        52.9587    44.6779    35.2553    26.7455    23.1537    18.3871     5.9349     0.7689
'Clinozoisite'                       2.93150E+02 -1.88787E+03 -2.95029E-01 1.20791E+05 -4.87723E+06
'Coesite'                         60.084   20.64 2 1.0000 'SiO2(aq)'
'Coesite'                             -3.0526    -2.9032    -2.6831    -2.4437    -2.3319    -2.1752    -1.7538    -1.6138
'Coesite'                            1.66657E+01 -1.04189E+02 -1.65148E-02 3.76135E+03 -1.20758E+05
'Corundum'                       101.961   25.57 4 -6.0000 'H+' 2.0000 'Al+3' 3.0000 'H2O'
'Corundum'                            25.4075    21.0460    15.9798    11.3228     9.3349     6.6780    -0.3146    -3.1700
'Corundum'                           1.23138E+02 -8.04366E+02 -1.24360E-01 5.59839E+04 -2.38886E+06
'Covellite'                       95.612   20.42 4 -1.0000 'H+' 1.0000 'Cu+2' 1.0000 'HS-'
'Covellite'                          -24.3336   -22.6872   -20.8658   -19.2694   -18.6185   -17.7913   -16.0401   -15.6576
'Covellite'                          1.05975E+02 -6.75303E+02 -1.07542E-01 3.14565E+04 -2.18931E+06
'Cristobalite(beta)'              60.084   27.38 2 1.0000 'SiO2(aq)'
'Cristobalite(beta)'                  -2.7568    -2.6780    -2.5300    -2.3494    -2.2607    -2.1333    -1.7806    -1.6646
'Cristobalite(beta)'                 1.52691E+01 -9.49708E+01 -1.56526E-02 3.11241E+03 -4.21888E+04
'Copper'                          63.546    7.11 5 -2.0000 'H+' -0.5000 'O2(g)' 1.0000 'Cu+2' 1.0000 'H2O'
'Copper'                              33.6666    30.1326    26.0886    22.4208    20.8743    18.8338    13.7080    11.7720
'Copper'                             4.03580E+01 -2.64654E+02 -3.75336E-02 2.51380E+04 -7.36017E+05
'Cuprite'                        143.091   23.44 4 -2.0000 'H+' 1.0000 'H2O' 2.0000 'Cu+'
'Cuprite'                             -2.2030    -1.7895    -1.2412    -0.6609    -0.3894    -0.0048     1.0858     1.5202
'Cuprite'                            2.71495E+01 -1.69471E+02 -2.18024E-02 6.90638E+03 -3.26069E+05
'Chamosite'                      713.507  215.92 6 -16.0000 'H+' 2.0000 'Al+3' 3.0000 'SiO2(aq)' 5.0000 'Fe+2' 12.0000 'H2O'
'Chamosite'                           57.7009    49.0360    39.2486    30.5155    26.8659    22.0573     9.6453     4.5043
'Chamosite'                          3.66101E+02 -2.35367E+03 -3.56562E-01 1.46784E+05 -6.15110E+06
'Diaspore'                        59.988   17.76 4 -3.0000 'H+' 1.0000 'Al+3' 2.0000 'H2O'
'Diaspore'                             9.4150     7.6178     5.5313     3.6196     2.8060     1.7205    -1.1361    -2.3109
'Diaspore'                           6.21831E+01 -4.05767E+02 -6.13268E-02 2.71560E+04 -1.21855E+06
'Dolomite'                       184.401   64.36 5 -2.0000 'H+' 1.0000 'Ca+2' 1.0000 'Mg+2' 2.0000 'HCO3-'
'Dolomite'                             3.8017     2.8359     1.6129     0.3652    -0.2168    -1.0577    -3.8296    -5.3861
'Dolomite'                           1.88534E+02 -1.19495E+03 -1.97469E-01 6.68455E+04 -3.70911E+06
'Dolomite-ord'                   184.401   64.34 5 -2.0000 'H+' 1.0000 'Ca+2' 1.0000 'Mg+2' 2.0000 'HCO3-'
'Dolomite-ord'                         3.8015     2.8357     1.6126     0.3644    -0.2179    -1.0592    -3.8313    -5.3868
'Dolomite-ord'                       1.87846E+02 -1.19061E+03 -1.96795E-01 6.66223E+04 -3.69751E+06
'Epidote'                        483.223  139.20 7 -13.0000 'H+' 1.0000 'Fe+3' 2.0000 'Al+3' 2.0000 'Ca+2' 3.0000 'SiO2(aq)' 7.0000 'H2O'
'Epidote'                             41.4901    34.3485    26.2532    18.9694    15.9010    11.8308     1.1506    -3.3481
'Epidote'                            2.88118E+02 -1.85278E+03 -2.90350E-01 1.14796E+05 -4.70250E+06
'Epidote-ord'                    483.223  139.20 7 -13.0000 'H+' 1.0000 'Fe+3' 2.0000 'Al+3' 2.0000 'Ca+2' 3.0000 'SiO2(aq)' 7.0000 'H2O'
'Epidote-ord'                         41.4883    34.3485    26.2553    18.9749    15.9088    11.8428     1.1824    -3.3042
'Epidote-ord'                        2.88957E+02 -1.85863E+03 -2.90555E-01 1.15238E+05 -4.73467E+06
'FeO'                             71.846   12.00 4 -2.0000 'H+' 1.0000 'Fe+2' 1.0000 'H2O'
'FeO'                                 15.3181    13.6175    11.6606     9.8777     9.1227     8.1215     5.5520     4.5381
'FeO'                                3.84858E+01 -2.48793E+02 -3.73225E-02 1.86472E+04 -7.36164E+05
'Fluorite'                        78.075   24.54 3 1.0000 'Ca+2' 2.0000 'F-'
'Fluorite'                            -9.9981    -9.7658    -9.6585    -9.7220    -9.8088    -9.9981   -11.1258   -12.0463
'Fluorite'                           1.81087E+02 -1.15247E+03 -1.86988E-01 6.25702E+04 -3.83673E+06
'Galena'                         239.266   31.49 4 -1.0000 'H+' 1.0000 'HS-' 1.0000 'Pb+2'
'Galena'                             -16.0487   -14.6968   -13.2373   -11.9949   -11.5012   -10.8881    -9.7008    -9.5331
'Galena'                             1.01536E+02 -6.43403E+02 -1.03550E-01 3.15499E+04 -2.20003E+06
'Gehlenite'                      274.200   90.24 6 -10.0000 'H+' 1.0000 'SiO2(aq)' 2.0000 'Al+3' 2.0000 'Ca+2' 5.0000 'H2O'
'Gehlenite'                           65.3021    57.1147    47.7195    39.1614    35.5318    30.7071    18.1957    13.1638
'Gehlenite'                          1.98934E+02 -1.28416E+03 -2.01042E-01 9.15390E+04 -3.48956E+06
'Gibbsite'                        78.004   32.00 4 -3.0000 'H+' 1.0000 'Al+3' 3.0000 'H2O'
'Gibbsite'                             9.4881     7.8363     5.9419     4.2311     3.5102     2.5546     0.0585    -0.9712
'Gibbsite'                           6.49779E+01 -4.20764E+02 -6.35348E-02 2.69961E+04 -1.17524E+06
'Greenalite'                     371.738  105.21 5 -6.0000 'H+' 2.0000 'SiO2(aq)' 3.0000 'Fe+2' 5.0000 'H2O'
'Greenalite'                          26.9159    23.6663    20.0666    16.9179    15.6218    13.9339     9.6757     7.9214
'Greenalite'                         1.49392E+02 -9.52640E+02 -1.43200E-01 5.78286E+04 -2.32285E+06
'Grossular'                      450.446  125.30 6 -12.0000 'H+' 2.0000 'Al+3' 3.0000 'Ca+2' 3.0000 'SiO2(aq)' 6.0000 'H2O'
'Grossular'                           61.1404    53.2601    44.3257    36.2735    32.8795    28.3812    16.6830    11.8560
'Grossular'                          2.60597E+02 -1.66757E+03 -2.63514E-01 1.07788E+05 -4.16884E+06
'Halite'                          58.442   27.02 3 1.0000 'Cl-' 1.0000 'Na+'
'Halite'                               1.5826     1.6470     1.6660     1.6256     1.5870     1.5090     1.0696     0.7062
'Halite'                             7.84273E+01 -4.94180E+02 -7.97024E-02 2.72122E+04 -1.64666E+06
'Hematite'                       159.692   30.27 4 -6.0000 'H+' 2.0000 'Fe+3' 3.0000 'H2O'
'Hematite'                             2.4506     0.3799    -2.0194    -4.2119    -5.1463    -6.3998    -9.8117   -11.3166
'Hematite'                           1.18975E+02 -7.72711E+02 -1.19437E-01 4.63688E+04 -2.19532E+06
'Heulandite'                     708.132  316.37 10 -8.6600 'H+' 0.0650 'Ba+2' 0.1320 'K+' 0.1750 'Sr+2' 0.3830 'Na+' 0.5850 'Ca+2' 2.1650 'Al+3' 6.8350 'SiO2(aq)' 10.3300 'H2O'
'Heulandite'                        1879.4402  1718.9893  1535.1065  1367.5440  1296.6455  1202.9382   968.2777   881.3489
'Heulandite'                         2.74047E+02 -1.75309E+03 -2.64192E-01 6.05632E+05 -3.72057E+06
'Huntite'                        353.030  122.90 5 -4.0000 'H+' 1.0000 'Ca+2' 3.0000 'Mg+2' 4.0000 'HCO3-'
'Huntite'                             13.6751    10.9309     7.5552     4.2270     2.7168     0.5843    -6.0479    -9.5458
'Huntite'                            3.88497E+02 -2.46837E+03 -4.02916E-01 1.40862E+05 -7.69030E+06
'Hydromagnesite'                 467.638  208.80 5 -6.0000 'H+' 4.0000 'HCO3-' 5.0000 'Mg+2' 6.0000 'H2O'
'Hydromagnesite'                      36.3017    31.4547    25.7542    20.4282    18.1149    14.9634     6.0035     1.7208
'Hydromagnesite'                     4.39276E+02 -2.79727E+03 -4.41099E-01 1.64999E+05 -8.53130E+06
'Jadeite'                        202.139   60.40 6 -4.0000 'H+' 1.0000 'Al+3' 1.0000 'Na+' 2.0000 'H2O' 2.0000 'SiO2(aq)'
'Jadeite'                             11.0735     9.0864     6.9055     5.0124     4.2362     3.2266     0.6565    -0.4379
'Jadeite'                            1.06988E+02 -6.84727E+02 -1.04121E-01 3.97468E+04 -1.60242E+06
'K-Feldspar'                     278.332  108.89 6 -4.0000 'H+' 1.0000 'Al+3' 1.0000 'K+' 2.0000 'H2O' 3.0000 'SiO2(aq)'
'K-Feldspar'                           1.2951     0.0363    -1.2698    -2.3447    -2.7719    -3.3211    -4.7728    -5.4978
'K-Feldspar'                         1.13642E+02 -7.22334E+02 -1.14832E-01 3.74708E+04 -1.47120E+06
'K2O'                             94.196   40.38 4 -2.0000 'H+' 1.0000 'H2O' 2.0000 'K+'
'K2O'                                 90.9118    84.0533    76.1938    69.0342    66.0061    62.0055    51.9992    48.2983
'K2O'                                1.31557E+01 -7.41710E+01 -1.19041E-02 2.65732E+04 -2.05220E+05
'Kalsilite'                      158.163   59.89 6 -4.0000 'H+' 1.0000 'Al+3' 1.0000 'K+' 1.0000 'SiO2(aq)' 2.0000 'H2O'
'Kalsilite'                           13.4285    11.3714     9.0400     6.9469     6.0674     4.9036     1.8683     0.5975
'Kalsilite'                          8.58113E+01 -5.51233E+02 -8.50214E-02 3.43567E+04 -1.43977E+06
'Kaolinite'                      258.160   99.34 5 -6.0000 'H+' 2.0000 'Al+3' 2.0000 'SiO2(aq)' 5.0000 'H2O'
'Kaolinite'                            8.8781     5.9737     2.7179    -0.1677    -1.3711    -2.9591    -7.1378    -8.9474
'Kaolinite'                          1.54442E+02 -9.95783E+02 -1.53848E-01 5.82420E+04 -2.45916E+06
'Kyanite'                        162.046   44.09 5 -6.0000 'H+' 1.0000 'SiO2(aq)' 2.0000 'Al+3' 3.0000 'H2O'
'Kyanite'                             20.2315    16.2306    11.6278     7.4326     5.6507     3.2752    -2.9846    -5.5852
'Kyanite'                            1.39169E+02 -9.03956E+02 -1.40416E-01 5.87753E+04 -2.48992E+06
'Larnite'                        172.239   51.60 5 -4.0000 'H+' 1.0000 'SiO2(aq)' 2.0000 'Ca+2' 2.0000 'H2O'
'Larnite'                            462.3916   423.2531   378.3711   337.4374   320.1047   297.1806   239.6618   218.2866
'Larnite'                            7.60983E+01 -4.80392E+02 -7.71805E-02 1.50722E+05 -1.10594E+06
'Laumontite'                     470.437  207.55 6 -8.0000 'H+' 1.0000 'Ca+2' 2.0000 'Al+3' 4.0000 'SiO2(aq)' 8.0000 'H2O'
'Laumontite'                          19.4508    15.2232    10.5657     6.5050     4.8343     2.6550    -2.9180    -5.2852
'Laumontite'                         2.16945E+02 -1.39302E+03 -2.12371E-01 8.10838E+04 -3.24073E+06
'Lawsonite'                      314.238  101.32 6 -8.0000 'H+' 1.0000 'Ca+2' 2.0000 'Al+3' 2.0000 'SiO2(aq)' 6.0000 'H2O'
'Lawsonite'                           27.5840    23.0341    17.8896    13.2820    11.3491     8.7942     2.1462    -0.6287
'Lawsonite'                          1.84793E+02 -1.18875E+03 -1.83459E-01 7.38444E+04 -3.02869E+06
'Lime'                            56.077   16.76 4 -2.0000 'H+' 1.0000 'Ca+2' 1.0000 'H2O'
'Lime'                                35.7872    32.6667    29.0904    25.8307    24.4496    22.6199    17.9753    16.1974
'Lime'                               2.97743E+01 -1.88294E+02 -3.03667E-02 1.96607E+04 -4.94998E+05
'Litharge'                       223.199   23.91 4 -2.0000 'H+' 1.0000 'H2O' 1.0000 'Pb+2'
'Litharge'                            13.7634    12.7102    11.4889    10.3709     9.8961     9.2647     7.6280     6.9664
'Litharge'                           3.53432E+01 -2.23734E+02 -3.36392E-02 1.58943E+04 -7.29625E+05
'Magnesite'                       84.314   28.02 4 -1.0000 'H+' 1.0000 'HCO3-' 1.0000 'Mg+2'
'Magnesite'                            3.1508     2.4397     1.5680     0.7147     0.3299    -0.2111    -1.8790    -2.7534
'Magnesite'                          1.00326E+02 -6.38541E+02 -1.03061E-01 3.65394E+04 -1.99639E+06
'Magnetite'                      231.539   44.52 5 -8.0000 'H+' 1.0000 'Fe+2' 2.0000 'Fe+3' 4.0000 'H2O'
'Magnetite'                           14.3138    10.8431     6.8336     3.1767     1.6225    -0.4531    -5.9904    -8.3505
'Magnetite'                          1.60462E+02 -1.04020E+03 -1.59768E-01 6.49771E+04 -2.97847E+06
'Malachite'                      221.116   54.86 5 -3.0000 'H+' 1.0000 'HCO3-' 2.0000 'Cu+2' 2.0000 'H2O'
'Malachite'                            7.4107     6.1774     4.7383     3.4098     2.8369     2.0580    -0.1873    -1.3042
'Malachite'                          1.40762E+02 -8.96819E+02 -1.40009E-01 5.15304E+04 -2.67523E+06
'Manganosite'                     70.937   13.22 4 -2.0000 'H+' 1.0000 'H2O' 1.0000 'Mn+2'
'Manganosite'                         20.3873    18.4266    16.1840    14.1517    13.2947    12.1623     9.2884     8.1735
'Manganosite'                        3.70995E+01 -2.37752E+02 -3.55955E-02 1.87632E+04 -6.68389E+05
'Margarite'                      398.184  129.40 6 -14.0000 'H+' 1.0000 'Ca+2' 2.0000 'SiO2(aq)' 4.0000 'Al+3' 8.0000 'H2O'
'Margarite'                           51.2975    42.3023    31.9858    22.6127    18.6415    13.3581    -0.4954    -6.2220
'Margarite'                          3.07884E+02 -1.99486E+03 -3.09061E-01 1.30029E+05 -5.42360E+06
'Merwinite'                      328.705  104.40 6 -8.0000 'H+' 1.0000 'Mg+2' 2.0000 'SiO2(aq)' 3.0000 'Ca+2' 4.0000 'H2O'
'Merwinite'                           77.0063    69.4455    60.8925    53.1987    49.9664    45.7036    34.8760    30.6098
'Merwinite'                          1.63150E+02 -1.03653E+03 -1.62069E-01 7.52926E+04 -2.47032E+06
'Metacinnabar'                   232.656   30.17 4 -1.0000 'H+' 1.0000 'HS-' 1.0000 'Hg+2'
'Metacinnabar'                       -41.6885   -38.4246   -34.7356   -31.4269   -30.0484   -28.2557   -24.0607   -22.7606
'Metacinnabar'                       9.99975E+01 -6.35263E+02 -1.01507E-01 2.39643E+04 -2.04603E+06
'Minnesotaite'                   473.892  145.59 5 -6.0000 'H+' 3.0000 'Fe+2' 4.0000 'H2O' 4.0000 'SiO2(aq)'
'Minnesotaite'                        18.6228    15.6240    12.3855     9.6174     8.4950     7.0461     3.3967     1.8161
'Minnesotaite'                       1.80151E+02 -1.14760E+03 -1.75019E-01 6.50189E+04 -2.58531E+06
'Monticellite'                   156.466   51.47 6 -4.0000 'H+' 1.0000 'Ca+2' 1.0000 'Mg+2' 1.0000 'SiO2(aq)' 2.0000 'H2O'
'Monticellite'                        33.5252    30.0569    26.1407    22.6309    21.1607    19.2257    14.3217    12.3837
'Monticellite'                       8.73323E+01 -5.57054E+02 -8.52306E-02 3.88522E+04 -1.36638E+06
'Muscovite'                      398.308  140.81 6 -10.0000 'H+' 1.0000 'K+' 3.0000 'Al+3' 3.0000 'SiO2(aq)' 6.0000 'H2O'
'Muscovite'                           17.5936    12.9222     7.6491     2.9370     0.9610    -1.6557    -8.5645   -11.5468
'Muscovite'                          2.39737E+02 -1.54549E+03 -2.38980E-01 9.19071E+04 -3.95754E+06
'Na2O'                            61.979   25.00 4 -2.0000 'H+' 1.0000 'H2O' 2.0000 'Na+'
'Na2O'                                73.1506    67.4694    61.0094    55.1828    52.7382    49.5289    41.6170    38.7328
'Na2O'                               2.56138E+01 -1.58094E+02 -1.97526E-02 2.66745E+04 -3.51191E+05
'Natrolite'                      380.224  169.72 6 -8.0000 'H+' 2.0000 'Al+3' 2.0000 'Na+' 3.0000 'SiO2(aq)' 6.0000 'H2O'
'Natrolite'                         1040.7603   951.2492   848.6355   755.1214   715.5520   663.2477   532.1868   483.5674
'Natrolite'                          1.98090E+02 -1.27443E+03 -1.89874E-01 3.54235E+05 -3.06279E+06
'Nepheline'                      142.054   54.16 6 -4.0000 'H+' 1.0000 'Al+3' 1.0000 'Na+' 1.0000 'SiO2(aq)' 2.0000 'H2O'
'Nepheline'                           16.7958    14.3001    11.4826     8.9660     7.9141     6.5297     2.9851     1.5432
'Nepheline'                          9.05960E+01 -5.84019E+02 -8.79596E-02 3.73462E+04 -1.50179E+06
'Nesquehonite'                   138.360   74.79 5 -1.0000 'H+' 1.0000 'HCO3-' 1.0000 'Mg+2' 3.0000 'H2O'
'Nesquehonite'                         6.5243     5.0772     4.8869     4.7759     4.7227     4.6367     4.1959     3.8101
'Nesquehonite'                       -6.99906E+02 4.61803E+03 5.18645E-01 -3.04927E+05 2.16074E+07
'Nickel'                          58.690    6.59 5 -2.0000 'H+' -0.5000 'O2(g)' 1.0000 'H2O' 1.0000 'Ni+2'
'Nickel'                              55.0788    49.6351    43.3745    37.6588    35.2367    32.0293    23.9250    20.8630
'Nickel'                             4.13417E+01 -2.72131E+02 -3.99579E-02 3.19834E+04 -8.12612E+05
'Paragonite'                     382.200  132.10 6 -10.0000 'H+' 1.0000 'Na+' 3.0000 'Al+3' 3.0000 'SiO2(aq)' 6.0000 'H2O'
'Paragonite'                          18.9952    14.0789     8.5483     3.6286     1.5738    -1.1371    -8.2260   -11.2529
'Paragonite'                         2.45965E+02 -1.58711E+03 -2.42904E-01 9.46747E+04 -4.03057E+06
'Pargasite'                      835.825  273.50 8 -22.0000 'H+' 1.0000 'Na+' 2.0000 'Ca+2' 3.0000 'Al+3' 4.0000 'Mg+2' 6.0000 'SiO2(aq)' 12.0000 'H2O'
'Pargasite'                          120.6947   104.6565    86.5577    70.3768    63.6085    54.6989    31.9523    22.7780
'Pargasite'                          5.20079E+02 -3.34486E+03 -5.07252E-01 2.18302E+05 -8.41166E+06
'Palladium'                      106.420    8.86 5 -2.0000 'H+' -0.5000 'O2(g)' 1.0000 'H2O' 1.0000 'Pd+2'
'Palladium'                           12.4025    10.6696     8.6872     6.8922     6.1354     5.1353     2.5860     1.5867
'Palladium'                          3.88099E+01 -2.53767E+02 -3.73886E-02 1.85849E+04 -6.99909E+05
'PdO'                            122.419   14.68 4 -2.0000 'H+' 1.0000 'H2O' 1.0000 'Pd+2'
'PdO'                                  0.5682     0.2012    -0.2159    -0.5854    -0.7394    -0.9438    -1.5081    -1.7787
'PdO'                                3.84945E+01 -2.47212E+02 -3.73805E-02 1.40450E+04 -7.00040E+05
'Periclase'                       40.304   11.25 4 -2.0000 'H+' 1.0000 'H2O' 1.0000 'Mg+2'
'Periclase'                           23.8260    21.4132    18.6527    16.1541    15.1020    13.7145    10.2160     8.8763
'Periclase'                          4.17601E+01 -2.70113E+02 -3.89698E-02 2.20435E+04 -7.75320E+05
'Phlogopite'                     417.260  149.66 7 -10.0000 'H+' 1.0000 'Al+3' 1.0000 'K+' 3.0000 'Mg+2' 3.0000 'SiO2(aq)' 6.0000 'H2O'
'Phlogopite'                          44.6292    38.6915    32.0529    26.1908    23.7622    20.5863    12.5459     9.2752
'Phlogopite'                         2.41880E+02 -1.55128E+03 -2.31530E-01 9.68047E+04 -3.89465E+06
'Prehnite'                       412.384  140.33 6 -10.0000 'H+' 2.0000 'Al+3' 2.0000 'Ca+2' 3.0000 'SiO2(aq)' 6.0000 'H2O'
'Prehnite'                            40.2075    34.2548    27.5382    21.5198    18.9929    15.6505     6.9469     3.3074
'Prehnite'                           2.32515E+02 -1.49017E+03 -2.33222E-01 9.26604E+04 -3.69780E+06
'Pyrite'                         119.979   23.94 5 -1.0000 'H2O' 0.5000 'O2(g)' 1.0000 'Fe+2' 2.0000 'HS-'
'Pyrite'                             -63.0169   -57.6400   -51.6261   -46.3031   -44.1101   -41.2858   -34.8644   -32.9904
'Pyrite'                             1.69947E+02 -1.07293E+03 -1.77062E-01 4.18799E+04 -3.61540E+06
'Pyrophyllite'                   360.314  128.10 5 -6.0000 'H+' 2.0000 'Al+3' 4.0000 'H2O' 4.0000 'SiO2(aq)'
'Pyrophyllite'                         2.8515     0.1374    -2.8279    -5.3953    -6.4497    -7.8291   -11.4589   -13.1102
'Pyrophyllite'                       1.89595E+02 -1.21840E+03 -1.88496E-01 6.75483E+04 -2.84930E+06
'Pyrrhotite'                      87.913   18.20 4 -1.0000 'H+' 1.0000 'Fe+2' 1.0000 'HS-'
'Pyrrhotite'                          -3.4971    -3.6034    -3.8112    -4.0883    -4.2389    -4.4895    -5.5355    -6.2143
'Pyrrhotite'                         8.26122E+01 -5.21765E+02 -9.16328E-02 2.76529E+04 -1.59634E+06
'Quartz'                          60.084   22.69 2 1.0000 'SiO2(aq)'
'Quartz'                              -3.7832    -3.5771    -3.2924    -2.9947    -2.8584    -2.6694    -2.1686    -1.9999
'Quartz'                             1.66175E+01 -1.03923E+02 -1.65148E-02 3.56294E+03 -1.20757E+05
'Rhodochrosite'                  114.947   31.07 4 -1.0000 'H+' 1.0000 'HCO3-' 1.0000 'Mn+2'
'Rhodochrosite'                        0.7367     0.3849    -0.0750    -0.5579    -0.7881    -1.1269    -2.3001    -2.9959
'Rhodochrosite'                      9.53751E+01 -6.04476E+02 -9.93113E-02 3.34682E+04 -1.88355E+06
'Romarchite'                     134.709   20.89 4 -2.0000 'H+' 1.0000 'H2O' 1.0000 'Sn+2'
'Romarchite'                           1.5568     1.4190     1.2433     1.0762     1.0032     0.9025     0.5892     0.4132
'Romarchite'                         3.70324E+01 -2.36167E+02 -3.50800E-02 1.36921E+04 -7.88911E+05
'Ruthenium'                      101.070    8.18 5 -1.5000 'O2(g)' -1.0000 'H2O' 1.0000 'RuO4-2' 2.0000 'H+'
'Ruthenium'                           13.6656    10.9186     7.5952     4.3805     2.9536     0.9902    -4.4947    -6.8375
'Ruthenium'                          4.29458E+01 -2.84131E+02 -5.88245E-02 2.37470E+04 -1.04443E+06
'RuO2'                           133.069   19.05 5 -1.0000 'H2O' -0.5000 'O2(g)' 1.0000 'RuO4-2' 2.0000 'H+'
'RuO2'                               -35.5248   -33.3544   -31.0325   -29.0960   -28.3421   -27.4232   -25.7043   -25.3967
'RuO2'                               4.19536E+01 -2.67610E+02 -5.88031E-02 7.18123E+03 -1.00758E+06
'Sulfur(s)'                       32.066   15.61 5 -1.0000 'H2O' 0.5000 'O2(g)' 1.0000 'H+' 1.0000 'HS-'
'Sulfur(s)'                          -47.9019   -43.5610   -38.6597   -34.2766   -32.4558   -30.1007   -24.5262   -22.6970
'Sulfur(s)'                          4.57254E+01 -2.80588E+02 -5.48688E-02 1.03091E+03 -9.41831E+05
'Sepiolite'                      647.830  285.60 5 -8.0000 'H+' 4.0000 'Mg+2' 6.0000 'SiO2(aq)' 11.0000 'H2O'
'Sepiolite'                           36.8120    32.3676    27.7200    23.9349    22.4687    20.6507    16.5091    14.8597
'Sepiolite'                          2.66555E+02 -1.69415E+03 -2.44015E-01 9.55897E+04 -3.56017E+06
'SiO2(am)'                        60.084   27.27 2 1.0000 'SiO2(aq)'
'SiO2(am)'                            -2.7581    -2.6776    -2.5009    -2.2745    -2.1629    -2.0041    -1.5897    -1.4710
'SiO2(am)'                           1.77736E+01 -1.06961E+02 -2.07764E-02 2.41576E+03 9.86629E+04
'Siderite'                       115.856   29.38 4 -1.0000 'H+' 1.0000 'Fe+2' 1.0000 'HCO3-'
'Siderite'                             0.4789    -0.0343    -0.6899    -1.3591    -1.6705    -2.1189    -3.5827    -4.3949
'Siderite'                           9.92461E+01 -6.31796E+02 -1.02936E-01 3.56293E+04 -2.00114E+06
'Sillimanite'                    162.046   49.90 5 -6.0000 'H+' 1.0000 'SiO2(aq)' 2.0000 'Al+3' 3.0000 'H2O'
'Sillimanite'                         21.0247    16.9001    12.1551     7.8301     5.9936     3.5460    -2.8912    -5.5556
'Sillimanite'                        1.39468E+02 -9.06757E+02 -1.40479E-01 5.93511E+04 -2.50313E+06
'Smithsonite'                    125.399   28.27 4 -1.0000 'H+' 1.0000 'HCO3-' 1.0000 'Zn+2'
'Smithsonite'                          1.1212     0.6275     0.0059    -0.6215    -0.9117    -1.3287    -2.6950    -3.4636
'Smithsonite'                        9.96519E+01 -6.33212E+02 -1.02988E-01 3.54620E+04 -1.97058E+06
'Sphalerite'                      97.456   23.83 4 -1.0000 'H+' 1.0000 'HS-' 1.0000 'Zn+2'
'Sphalerite'                         -11.8507   -11.2764   -10.6870   -10.2185   -10.0466    -9.8543    -9.7009    -9.9117
'Sphalerite'                         1.04430E+02 -6.65437E+02 -1.06548E-01 3.43300E+04 -2.15226E+06
'Spinel'                         142.266   39.71 5 -8.0000 'H+' 1.0000 'Mg+2' 2.0000 'Al+3' 4.0000 'H2O'
'Spinel'                              44.3887    38.0084    30.6347    23.8929    21.0284    17.2162     7.3067     3.3260
'Spinel'                             1.65094E+02 -1.07583E+03 -1.63533E-01 7.67942E+04 -3.16584E+06
'Strontianite'                   147.629   39.01 4 -1.0000 'H+' 1.0000 'HCO3-' 1.0000 'Sr+2'
'Strontianite'                        -0.0117    -0.1269    -0.3275    -0.5849    -0.7227    -0.9417    -1.8207    -2.4062
'Strontianite'                       9.28116E+01 -5.87098E+02 -9.65286E-02 3.22872E+04 -1.89707E+06
'Sylvite'                         74.551   37.52 3 1.0000 'Cl-' 1.0000 'K+'
'Sylvite'                              0.6136     0.9098     1.1750     1.3362     1.3751     1.3914     1.1421     0.8316
'Sylvite'                            7.24649E+01 -4.54059E+02 -7.57148E-02 2.45510E+04 -1.57110E+06
'Talc'                           379.266  137.85 5 -6.0000 'H+' 3.0000 'Mg+2' 4.0000 'H2O' 4.0000 'SiO2(aq)'
'Talc'                                27.0799    23.3550    19.3230    15.8813    14.4913    12.7075     8.3312     6.5325
'Talc'                               1.89209E+02 -1.20699E+03 -1.79346E-01 7.03959E+04 -2.69601E+06
'Tenorite'                        79.545   12.22 4 -2.0000 'H+' 1.0000 'Cu+2' 1.0000 'H2O'
'Tenorite'                             8.7988     7.7573     6.5739     5.5154     5.0733     4.4921     3.0114     2.4158
'Tenorite'                           3.98028E+01 -2.55888E+02 -3.75205E-02 1.67379E+04 -7.18970E+05
'Tremolite'                      812.366  272.92 6 -14.0000 'H+' 2.0000 'Ca+2' 5.0000 'Mg+2' 8.0000 'H2O' 8.0000 'SiO2(aq)'
'Tremolite'                           73.1476    64.0889    54.1672    45.5609    42.0385    37.4721    26.0725    21.3948
'Tremolite'                          3.97526E+02 -2.53043E+03 -3.83291E-01 1.51290E+05 -5.65054E+06
'Uraninite'                      270.028   24.64 5 -2.0000 'H+' -0.5000 'O2(g)' 1.0000 'H2O' 1.0000 'UO2+2'
'Uraninite'                           31.1909    27.6719    23.6428    19.9755    18.4232    16.3674    11.1522     9.1575
'Uraninite'                          3.31624E+01 -2.18488E+02 -3.39863E-02 2.18382E+04 -5.24304E+05
'Wairakite'                      434.406  186.87 6 -8.0000 'H+' 1.0000 'Ca+2' 2.0000 'Al+3' 4.0000 'SiO2(aq)' 6.0000 'H2O'
'Wairakite'                           24.8169    19.7399    14.0783     9.0677     6.9828     4.2427    -2.8200    -5.7821
'Wairakite'                          2.18866E+02 -1.40898E+03 -2.17002E-01 8.46295E+04 -3.32732E+06
'Wollastonite'                   116.162   39.93 5 -2.0000 'H+' 1.0000 'Ca+2' 1.0000 'H2O' 1.0000 'SiO2(aq)'
'Wollastonite'                        15.7049    14.1527    12.4265    10.8943    10.2555     9.4160     7.2792     6.4108
'Wollastonite'                       4.55719E+01 -2.86860E+02 -4.62606E-02 1.84277E+04 -5.91050E+05
'Wurtzite'                        97.456   23.85 4 -1.0000 'H+' 1.0000 'HS-' 1.0000 'Zn+2'
'Wurtzite'                            -9.3401    -8.9769    -8.6303    -8.3838    -8.3061    -8.2384    -8.3977    -8.7241
'Wurtzite'                           1.04419E+02 -6.65398E+02 -1.06537E-01 3.50252E+04 -2.15358E+06
'Zincite'                         81.389   14.34 4 -2.0000 'H+' 1.0000 'H2O' 1.0000 'Zn+2'
'Zincite'                             12.7604    11.3221     9.6821     8.2039     7.5830     6.7643     4.6829     3.8631
'Zincite'                            3.84733E+01 -2.47978E+02 -3.66047E-02 1.75226E+04 -6.90001E+05
'Zoisite'                        454.357  135.90 6 -13.0000 'H+' 2.0000 'Ca+2' 3.0000 'Al+3' 3.0000 'SiO2(aq)' 7.0000 'H2O'
'Zoisite'                             53.0075    44.7208    35.2913    26.7753    23.1809    18.4108     5.9500     0.7807
'Zoisite'                            2.93150E+02 -1.88789E+03 -2.95028E-01 1.20810E+05 -4.87722E+06
'Quicksilver'                    200.590   14.82 5 -2.0000 'H+' -0.5000 'O2(g)' 1.0000 'H2O' 1.0000 'Hg+2'
'Quicksilver'                         14.6564    12.7884    10.6666     8.7596     7.9611     6.9126     4.2966     3.3028
'Quicksilver'                        3.41375E+01 -2.24256E+02 -3.12264E-02 1.74549E+04 -5.94814E+05
'null'   0.  0. 0            ! end of mineral

#****************************** 
#* Gases 
#****************************** 

'CH4(g)'                          16.043 0.100E-09 5 -2.0000 'O2(g)' 1.0000 'H+' 1.0000 'H2O' 1.0000 'HCO3-'
'CH4(g)'                             149.6486   135.2262   118.6484   103.4898    97.0580    88.5369    67.0487    58.9800
'CH4(g)'                             5.93505E+01 -3.97391E+02 -5.97487E-02 6.71696E+04 -1.15642E+06
'CO(g)'                           28.010 0.100E-09 5 -1.0000 'H2O' -0.5000 'O2(g)' 1.0000 'H+' 1.0000 'HCO3-'
'CO(g)'                               41.8964    37.2100    31.7599    26.7028    24.5306    21.6223    14.0578    11.0626
'CO(g)'                              5.83871E+01 -3.81862E+02 -6.30733E-02 3.55736E+04 -1.25341E+06
'CO2(g)'                          44.010 0.100E-09 4 -1.0000 'H2O' 1.0000 'H+' 1.0000 'HCO3-'
'CO2(g)'                              -7.6954    -7.8478    -8.0877    -8.3840    -8.5383    -8.7767    -9.6505   -10.1754
'CO2(g)'                             5.83438E+01 -3.76798E+02 -6.31414E-02 2.06453E+04 -1.23429E+06
'H2(g)'                            2.016 0.100E-09 3 -0.5000 'O2(g)' 1.0000 'H2O'
'H2(g)'                               46.0137    41.4356    36.1948    31.4282    29.4153    26.7599    20.1555    17.7420
'H2(g)'                              -6.77032E-01 -4.80404E+00 2.17626E-03 1.45947E+04 4.41892E+04
'H2O(g)'                          18.015 0.100E-09 2 1.0000 'H2O'
'H2O(g)'                               2.1713     1.4686     0.6801    -0.0175    -0.3049    -0.6759    -1.5423    -1.8283
'H2O(g)'                             -1.23732E+00 5.76621E-01 3.45283E-03 1.91607E+03 4.31667E+04
'H2S(g)'                          34.082 0.100E-09 3 1.0000 'H+' 1.0000 'HS-'
'H2S(g)'                              -8.1991    -8.1003    -8.0444    -8.0552    -8.0826    -8.1466    -8.5436    -8.8757
'H2S(g)'                             6.57929E+01 -4.23204E+02 -6.79459E-02 2.27438E+04 -1.40277E+06
'NH3(g)'                          17.031 0.100E-09 2 1.0000 'NH3(aq)'
'NH3(g)'                               2.2134     1.6464     1.0203     0.4783     0.2590    -0.0197    -0.6467    -0.8424
'NH3(g)'                             6.84640E-01 -9.73739E+00 1.77794E-03 1.96656E+03 3.17169E+04
'O2(g)'                           31.999 0.100E-09 2 1.0000 'O2(g)'
'O2(g)'                               -0.0000    -0.0000    -0.0000    -0.0000    -0.0000    -0.0000    -0.0000    -0.0000
'O2(g)'                              -2.32142E-313 1.50168E-312 1.95585E-316 -8.97490E-311 5.65662E-309
'S2(g)'                           64.132 0.100E-09 5 -2.0000 'H2O' 0.5000 'SO4-2' 1.5000 'HS-' 2.5000 'H+'
'S2(g)'                               -6.6364    -7.1408    -7.9356    -8.8919    -9.3796   -10.1214   -12.7464   -14.2674
'S2(g)'                              1.69421E+02 -1.08393E+03 -1.79341E-01 6.18640E+04 -3.78034E+06
'SO2(g)'                          64.065 0.100E-09 5 -1.0000 'H2O' -0.5000 'O2(g)' 1.0000 'SO4-2' 2.0000 'H+'
'SO2(g)'                              41.4933    36.3108    30.1712    24.3694    21.8420    18.4181     9.2034     5.3467
'SO2(g)'                             1.41552E+02 -9.16392E+02 -1.49092E-01 6.75921E+04 -3.20477E+06
'null'   0.  0. 0            ! end of gas

#****************************** 
#* Surface complexes 
#****************************** 

'null'  0.  0             ! surface complex

